production_day,station_id,station_name,oee_pct,z_score,severity
2025-11-13,8,FRA-AOI-L01-01,35.73,-1.9709193808152348,normal
2025-11-14,8,FRA-AOI-L01-01,53.65,-0.9206951940255178,normal
2025-11-17,8,FRA-AOI-L01-01,53.36,-0.9376910095483424,normal
2025-11-18,8,FRA-AOI-L01-01,91.91,1.3215803297788666,normal
2025-11-19,8,FRA-AOI-L01-01,54.36,-0.8790847491248092,normal
2025-11-20,8,FRA-AOI-L01-01,79.6,0.6001372639651713,normal
2025-11-21,8,FRA-AOI-L01-01,69.14,-0.012884220064986717,normal
2025-11-24,8,FRA-AOI-L01-01,92.19,1.337990082697456,normal
2025-11-25,8,FRA-AOI-L01-01,40.27,-1.7048469584923933,normal
2025-11-26,8,FRA-AOI-L01-01,92.66,1.3655350250965166,normal
2025-11-27,8,FRA-AOI-L01-01,92.07,1.3309573314466316,normal
2025-11-28,8,FRA-AOI-L01-01,75.17,0.34051153028891923,normal
2025-12-01,8,FRA-AOI-L01-01,92.06,1.3303712688423968,normal
2025-12-02,8,FRA-AOI-L01-01,90.88,1.261215881542627,normal
2025-12-03,8,FRA-AOI-L01-01,63.39,-0.3498702175003033,normal
2025-12-04,8,FRA-AOI-L01-01,65.74,-0.2121455055050003,normal
2025-12-05,8,FRA-AOI-L01-01,86.88,1.026790839848494,normal
2025-12-08,8,FRA-AOI-L01-01,87.1,1.0396842171416711,normal
2025-12-09,8,FRA-AOI-L01-01,66.52,-0.16643262237464426,normal
2025-12-10,8,FRA-AOI-L01-01,85.1,0.9224716962946046,normal
2025-12-11,8,FRA-AOI-L01-01,79.99,0.6229937055303494,normal
2025-12-12,8,FRA-AOI-L01-01,50.23,-1.1211286046740019,normal
2025-12-15,8,FRA-AOI-L01-01,68.67,-0.040429162464047305,normal
2025-12-16,8,FRA-AOI-L01-01,78.37,0.528051563644226,normal
2025-12-17,8,FRA-AOI-L01-01,56.92,-0.7290527224405637,normal
2025-12-18,8,FRA-AOI-L01-01,69.8,0.025795911814545068,normal
2025-12-19,8,FRA-AOI-L01-01,30.44,-2.280946498455726,warning
2025-12-22,8,FRA-AOI-L01-01,91.8,1.3151336411322778,normal
2025-12-23,8,FRA-AOI-L01-01,91.33,1.2875886987332172,normal
2025-12-24,8,FRA-AOI-L01-01,59.6,-0.5719879445054945,normal
2025-12-25,8,FRA-AOI-L01-01,57.89,-0.6722046498297365,normal
2025-12-26,8,FRA-AOI-L01-01,91.84,1.3174778915492196,normal
2025-12-29,8,FRA-AOI-L01-01,55.46,-0.8146178626589224,normal
2025-12-30,8,FRA-AOI-L01-01,91.57,1.301654201234865,normal
2025-12-31,8,FRA-AOI-L01-01,60.7,-0.5075210580396077,normal
2026-01-01,8,FRA-AOI-L01-01,60.37,-0.526861123979374,normal
2026-01-02,8,FRA-AOI-L01-01,61.81,-0.4424681089694858,normal
2026-01-05,8,FRA-AOI-L01-01,87.86,1.0842249750635569,normal
2026-01-06,8,FRA-AOI-L01-01,78.81,0.5538383182305805,normal
2026-01-07,8,FRA-AOI-L01-01,46.5,-1.339729956053781,normal
2026-01-08,8,FRA-AOI-L01-01,46.92,-1.3151153266758968,normal
2026-01-09,8,FRA-AOI-L01-01,81.05,0.6851163415792948,normal
2026-01-12,8,FRA-AOI-L01-01,72.8,0.201614693085145,normal
2026-01-13,8,FRA-AOI-L01-01,70.54,0.06916454452796025,normal
2026-01-14,8,FRA-AOI-L01-01,58.13,-0.6581391473280883,normal
2026-01-15,8,FRA-AOI-L01-01,58.51,-0.635868768367146,normal
2026-01-16,8,FRA-AOI-L01-01,24.19,-2.6472356261028094,warning
2026-01-19,8,FRA-AOI-L01-01,71.87,0.14711087089125946,normal
2026-01-20,8,FRA-AOI-L01-01,55.17,-0.831613678181747,normal
2026-01-21,8,FRA-AOI-L01-01,78.14,0.514572123746813,normal
2026-01-22,8,FRA-AOI-L01-01,85.92,0.9705288298419023,normal
2026-01-23,8,FRA-AOI-L01-01,52.56,-0.9845760178871689,normal
2026-01-26,8,FRA-AOI-L01-01,50.32,-1.1158540412358837,normal
2026-01-27,8,FRA-AOI-L01-01,52.34,-0.9974693951803462,normal
2026-01-28,8,FRA-AOI-L01-01,90.86,1.2600437563341567,normal
2026-01-29,8,FRA-AOI-L01-01,70.8,0.08440217223807837,normal
2026-01-30,8,FRA-AOI-L01-01,82.86,0.7911936729458903,normal
2026-02-02,8,FRA-AOI-L01-01,59.35,-0.5866395096113778,normal
2026-02-03,8,FRA-AOI-L01-01,53.95,-0.9031133158984576,normal
2026-02-04,8,FRA-AOI-L01-01,92.43,1.3520555851991045,normal
2026-02-05,8,FRA-AOI-L01-01,81.28,0.6985957814767078,normal
2026-02-06,8,FRA-AOI-L01-01,62.4,-0.40789041531960135,normal
2026-02-09,8,FRA-AOI-L01-01,56.27,-0.7671467917158603,normal
2026-02-10,8,FRA-AOI-L01-01,64.54,-0.2824730180132396,normal
2026-02-11,8,FRA-AOI-L01-01,83.95,0.8550744968075418,normal
2026-02-12,8,FRA-AOI-L01-01,69.68,0.018763160563721636,normal
2026-02-13,8,FRA-AOI-L01-01,78.61,0.5421170661458736,normal
2026-02-16,8,FRA-AOI-L01-01,91.57,1.301654201234865,normal
2026-02-17,8,FRA-AOI-L01-01,49.86,-1.142812921030709,normal
2026-02-18,8,FRA-AOI-L01-01,92.12,1.333887644467809,normal
2026-02-19,8,FRA-AOI-L01-01,62.19,-0.4201977300085434,normal
2026-02-20,8,FRA-AOI-L01-01,66.98,-0.13947374257981848,normal
2026-02-23,8,FRA-AOI-L01-01,53.34,-0.9388631347568128,normal
2026-02-24,8,FRA-AOI-L01-01,70.78,0.08323004702960794,normal
2026-02-25,8,FRA-AOI-L01-01,85.13,0.9242298841073107,normal
2026-02-26,8,FRA-AOI-L01-01,57.85,-0.6745489002466778,normal
2026-02-27,8,FRA-AOI-L01-01,64.91,-0.26078870165653284,normal
2026-03-02,8,FRA-AOI-L01-01,40.47,-1.6931257064076868,normal
2026-03-03,8,FRA-AOI-L01-01,28.96,-2.367683763882555,warning
2026-03-04,8,FRA-AOI-L01-01,59.19,-0.5960165112791433,normal
2026-03-05,8,FRA-AOI-L01-01,63.26,-0.35748903135536275,normal
2026-03-06,8,FRA-AOI-L01-01,93.19,1.3965963431209893,normal
2026-03-09,8,FRA-AOI-L01-01,91.88,1.3198221419661604,normal
2026-03-10,8,FRA-AOI-L01-01,94.15,1.4528583531275816,normal
2026-03-11,8,FRA-AOI-L01-01,90.93,1.2641461945638044,normal
2026-03-12,8,FRA-AOI-L01-01,53.27,-0.9429655729864602,normal
2026-03-13,8,FRA-AOI-L01-01,68.63,-0.04277341288098901,normal
2026-03-16,8,FRA-AOI-L01-01,74.05,0.27487251861456163,normal
2026-03-17,8,FRA-AOI-L01-01,90.78,1.2553552555002743,normal
2026-03-18,8,FRA-AOI-L01-01,90.03,1.211400560182624,normal
2026-03-19,8,FRA-AOI-L01-01,86.76,1.0197580885976705,normal
2026-03-20,8,FRA-AOI-L01-01,80.65,0.661673837409882,normal
2026-03-23,8,FRA-AOI-L01-01,48.54,-1.220173184789773,normal
2026-03-24,8,FRA-AOI-L01-01,80.25,0.6382313332404683,normal
2026-03-25,8,FRA-AOI-L01-01,60.95,-0.4928694929337244,normal
2026-03-26,8,FRA-AOI-L01-01,64.89,-0.26196082686500327,normal
2026-03-27,8,FRA-AOI-L01-01,90.61,1.2453921912282735,normal
2026-03-30,8,FRA-AOI-L01-01,92.44,1.3526416478033392,normal
2026-03-31,8,FRA-AOI-L01-01,68.17,-0.06973229267581396,normal
2026-04-01,8,FRA-AOI-L01-01,48.6,-1.2166568091643608,normal
2026-04-02,8,FRA-AOI-L01-01,81.6,0.717349784812238,normal
2026-04-03,8,FRA-AOI-L01-01,53.78,-0.9130763801704583,normal
2026-04-06,8,FRA-AOI-L01-01,90.68,1.2494946294579212,normal
2026-04-07,8,FRA-AOI-L01-01,53.42,-0.9341746339229303,normal
2026-04-08,8,FRA-AOI-L01-01,82.7,0.7818166712781252,normal
2026-04-09,8,FRA-AOI-L01-01,47.04,-1.308082575425073,normal
2026-04-10,8,FRA-AOI-L01-01,92.18,1.3374040200932211,normal
2026-04-13,8,FRA-AOI-L01-01,79.11,0.5714201963576403,normal
2026-04-14,8,FRA-AOI-L01-01,38.9,-1.7851375352726342,normal
2026-04-15,8,FRA-AOI-L01-01,74.96,0.32820421559997676,normal
2026-04-16,8,FRA-AOI-L01-01,47.28,-1.2940170729234248,normal
2026-04-17,8,FRA-AOI-L01-01,43.37,-1.5231675511794402,normal
2026-04-20,8,FRA-AOI-L01-01,78.64,0.5438752539585797,normal
2026-04-21,8,FRA-AOI-L01-01,74.5,0.3012453358051518,normal
2026-04-22,8,FRA-AOI-L01-01,54.35,-0.8796708117290444,normal
2026-04-23,8,FRA-AOI-L01-01,52.3,-0.9998136455972879,normal
2026-04-24,8,FRA-AOI-L01-01,57.12,-0.7173314703558573,normal
2026-04-27,8,FRA-AOI-L01-01,87.5,1.0631267213110849,normal
2026-04-28,8,FRA-AOI-L01-01,70.05,0.040447476920428396,normal
2026-04-29,8,FRA-AOI-L01-01,76.41,0.41318329321410024,normal
2026-04-30,8,FRA-AOI-L01-01,87.17,1.0437866553713189,normal
2026-05-01,8,FRA-AOI-L01-01,62.55,-0.39909947625607145,normal
2026-05-04,8,FRA-AOI-L01-01,57.92,-0.6704464620170304,normal
2026-05-05,8,FRA-AOI-L01-01,54.7,-0.8591586205808076,normal
2026-05-06,8,FRA-AOI-L01-01,74.89,0.3241017773703298,normal
2026-05-07,8,FRA-AOI-L01-01,90.75,1.253597067687568,normal
2026-05-08,8,FRA-AOI-L01-01,53.3,-0.9412073851737546,normal
2026-05-11,8,FRA-AOI-L01-01,62.33,-0.4119928535492487,normal
2025-11-13,7,FRA-OVE-L01-01,92.07,1.3980454730207765,normal
2025-11-14,7,FRA-OVE-L01-01,91.03,1.3350652517808106,normal
2025-11-17,7,FRA-OVE-L01-01,59.42,-0.5791701264839398,normal
2025-11-18,7,FRA-OVE-L01-01,54.82,-0.8577364896607147,normal
2025-11-19,7,FRA-OVE-L01-01,78.11,0.5526571186843038,normal
2025-11-20,7,FRA-OVE-L01-01,56.24,-0.771744264506145,normal
2025-11-21,7,FRA-OVE-L01-01,91.44,1.3598939928465663,normal
2025-11-24,7,FRA-OVE-L01-01,82.85,0.8397015885664584,normal
2025-11-25,7,FRA-OVE-L01-01,75.8,0.41276835804553197,normal
2025-11-26,7,FRA-OVE-L01-01,71.43,0.14813031302759647,normal
2025-11-27,7,FRA-OVE-L01-01,57.44,-0.6990747784600301,normal
2025-11-28,7,FRA-OVE-L01-01,91.88,1.386539471063475,normal
2025-12-01,7,FRA-OVE-L01-01,71.4,0.14631357587644353,normal
2025-12-02,7,FRA-OVE-L01-01,65.21,-0.2285398563114346,normal
2025-12-03,7,FRA-OVE-L01-01,75.63,0.4024735141889989,normal
2025-12-04,7,FRA-OVE-L01-01,69.84,0.051843244016493664,normal
2025-12-05,7,FRA-OVE-L01-01,89.13,1.2200052322077946,normal
2025-12-08,7,FRA-OVE-L01-01,92.15,1.4028901054238516,normal
2025-12-09,7,FRA-OVE-L01-01,53.55,-0.9346450290595202,normal
2025-12-10,7,FRA-OVE-L01-01,92.58,1.428930004590376,normal
2025-12-11,7,FRA-OVE-L01-01,57.49,-0.6960468832081084,normal
2025-12-12,7,FRA-OVE-L01-01,91.62,1.3707944157534842,normal
2025-12-15,7,FRA-OVE-L01-01,73.4,0.2674293859533021,normal
2025-12-16,7,FRA-OVE-L01-01,72.08,0.187492951302575,normal
2025-12-17,7,FRA-OVE-L01-01,59.7,-0.5622139130731796,normal
2025-12-18,7,FRA-OVE-L01-01,68.69,-0.017798346777700383,normal
2025-12-19,7,FRA-OVE-L01-01,55.15,-0.8377523809980332,normal
2025-12-22,7,FRA-OVE-L01-01,91.88,1.386539471063475,normal
2025-12-23,7,FRA-OVE-L01-01,48.97,-1.2120002341355263,normal
2025-12-24,7,FRA-OVE-L01-01,81.34,0.7482591519584307,normal
2025-12-25,7,FRA-OVE-L01-01,52.19,-1.017003779911784,normal
2025-12-26,7,FRA-OVE-L01-01,92.25,1.4089458959276944,normal
2025-12-29,7,FRA-OVE-L01-01,59.56,-0.5706920197785597,normal
2025-12-30,7,FRA-OVE-L01-01,90.76,1.318714617420435,normal
2025-12-31,7,FRA-OVE-L01-01,86.06,1.034092463739817,normal
2026-01-01,7,FRA-OVE-L01-01,91.08,1.338093147032732,normal
2026-01-02,7,FRA-OVE-L01-01,55.05,-0.8438081715018761,normal
2026-01-05,7,FRA-OVE-L01-01,67.27,-0.1037905719322701,normal
2026-01-06,7,FRA-OVE-L01-01,57.73,-0.6815129859988857,normal
2026-01-07,7,FRA-OVE-L01-01,53.62,-0.93040597570683,normal
2026-01-08,7,FRA-OVE-L01-01,61.57,-0.4489706306513169,normal
2026-01-09,7,FRA-OVE-L01-01,63.3,-0.3442054549348344,normal
2026-01-12,7,FRA-OVE-L01-01,61.67,-0.4429148401474739,normal
2026-01-13,7,FRA-OVE-L01-01,91.79,1.3810892596100173,normal
2026-01-14,7,FRA-OVE-L01-01,38.59,-1.8405912884344222,normal
2026-01-15,7,FRA-OVE-L01-01,54.32,-0.8880154421799294,normal
2026-01-16,7,FRA-OVE-L01-01,91.69,1.3750334691061736,normal
2026-01-19,7,FRA-OVE-L01-01,58.45,-0.6379112943712162,normal
2026-01-20,7,FRA-OVE-L01-01,60.98,-0.48469979462399043,normal
2026-01-21,7,FRA-OVE-L01-01,47.62,-1.2937534059374058,normal
2026-01-22,7,FRA-OVE-L01-01,73.07,0.24744527729061971,normal
2026-01-23,7,FRA-OVE-L01-01,60.8,-0.49560021753090766,normal
2026-01-26,7,FRA-OVE-L01-01,85.53,1.0019967740694493,normal
2026-01-27,7,FRA-OVE-L01-01,49.51,-1.1792989654147745,normal
2026-01-28,7,FRA-OVE-L01-01,74.94,0.3606885597124828,normal
2026-01-29,7,FRA-OVE-L01-01,56.81,-0.7372262586342403,normal
2026-01-30,7,FRA-OVE-L01-01,78.78,0.5932309150600515,normal
2026-02-02,7,FRA-OVE-L01-01,57.44,-0.6990747784600301,normal
2026-02-03,7,FRA-OVE-L01-01,61.78,-0.4362534705932467,normal
2026-02-04,7,FRA-OVE-L01-01,41.12,-1.6873797886871964,normal
2026-02-05,7,FRA-OVE-L01-01,69.46,0.028831240101889945,normal
2026-02-06,7,FRA-OVE-L01-01,45.37,-1.430008692273872,normal
2026-02-09,7,FRA-OVE-L01-01,80.5,0.6973905117261499,normal
2026-02-10,7,FRA-OVE-L01-01,63.5,-0.33209387392714834,normal
2026-02-11,7,FRA-OVE-L01-01,84.25,0.9244826556202598,normal
2026-02-12,7,FRA-OVE-L01-01,69.35,0.022169870547662757,normal
2026-02-13,7,FRA-OVE-L01-01,91.76,1.3792725224588642,normal
2026-02-16,7,FRA-OVE-L01-01,46.03,-1.3900404749485082,normal
2026-02-17,7,FRA-OVE-L01-01,68.57,-0.025065295382312176,normal
2026-02-18,7,FRA-OVE-L01-01,70.55,0.0948393565937781,normal
2026-02-19,7,FRA-OVE-L01-01,58.9,-0.6106602371039233,normal
2026-02-20,7,FRA-OVE-L01-01,81.17,0.7379643081018976,normal
2026-02-23,7,FRA-OVE-L01-01,55.49,-0.817162693284967,normal
2026-02-24,7,FRA-OVE-L01-01,82.37,0.810633794148013,normal
2026-02-25,7,FRA-OVE-L01-01,86.44,1.05710446765442,normal
2026-02-26,7,FRA-OVE-L01-01,89.14,1.2206108112581793,normal
2026-02-27,7,FRA-OVE-L01-01,71.49,0.1517637873299015,normal
2026-03-02,7,FRA-OVE-L01-01,80.59,0.7028407231796088,normal
2026-03-03,7,FRA-OVE-L01-01,68.45,-0.03233224398692311,normal
2026-03-04,7,FRA-OVE-L01-01,58.34,-0.6445726639254434,normal
2026-03-05,7,FRA-OVE-L01-01,42.46,-1.6062321959357009,normal
2026-03-06,7,FRA-OVE-L01-01,93.07,1.4586033780592058,normal
2026-03-09,7,FRA-OVE-L01-01,74.23,0.3176924471351984,normal
2026-03-10,7,FRA-OVE-L01-01,54.75,-0.8619755430134048,normal
2026-03-11,7,FRA-OVE-L01-01,91.67,1.3738223110054053,normal
2026-03-12,7,FRA-OVE-L01-01,50.3,-1.1314582204344155,normal
2026-03-13,7,FRA-OVE-L01-01,51.23,-1.075139368748676,normal
2026-03-16,7,FRA-OVE-L01-01,68.76,-0.013559293425009883,normal
2026-03-17,7,FRA-OVE-L01-01,91.8,1.3816948386604009,normal
2026-03-18,7,FRA-OVE-L01-01,49.96,-1.1520479081474813,normal
2026-03-19,7,FRA-OVE-L01-01,42.1,-1.6280330417495354,normal
2026-03-20,7,FRA-OVE-L01-01,36.1,-1.9913804719801114,normal
2026-03-23,7,FRA-OVE-L01-01,91.78,1.3804836805596326,normal
2026-03-24,7,FRA-OVE-L01-01,61.92,-0.4277753638878666,normal
2026-03-25,7,FRA-OVE-L01-01,73.39,0.26682380690291757,normal
2026-03-26,7,FRA-OVE-L01-01,60.33,-0.5240624328989694,normal
2026-03-27,7,FRA-OVE-L01-01,92.74,1.4386192693965243,normal
2026-03-30,7,FRA-OVE-L01-01,56.17,-0.7759833178588351,normal
2026-03-31,7,FRA-OVE-L01-01,91.56,1.3671609414511783,normal
2026-04-01,7,FRA-OVE-L01-01,91.78,1.3804836805596326,normal
2026-04-02,7,FRA-OVE-L01-01,49.39,-1.1865659140193858,normal
2026-04-03,7,FRA-OVE-L01-01,53.58,-0.9328282919083672,normal
2026-04-06,7,FRA-OVE-L01-01,82.45,0.8154784265510873,normal
2026-04-07,7,FRA-OVE-L01-01,49.58,-1.1750599120620844,normal
2026-04-08,7,FRA-OVE-L01-01,89.48,1.2412004989712453,normal
2026-04-09,7,FRA-OVE-L01-01,78.78,0.5932309150600515,normal
2026-04-10,7,FRA-OVE-L01-01,60.21,-0.5313293815035808,normal
2026-04-13,7,FRA-OVE-L01-01,50.02,-1.1484144338451752,normal
2026-04-14,7,FRA-OVE-L01-01,37.59,-1.9011491934728515,normal
2026-04-15,7,FRA-OVE-L01-01,93.0,1.4543643247065163,normal
2026-04-16,7,FRA-OVE-L01-01,78.35,0.5671910158935265,normal
2026-04-17,7,FRA-OVE-L01-01,92.7,1.4361969531949876,normal
2026-04-20,7,FRA-OVE-L01-01,67.86,-0.0680614079595966,normal
2026-04-21,7,FRA-OVE-L01-01,73.22,0.25652896304638445,normal
2026-04-22,7,FRA-OVE-L01-01,65.98,-0.18191026943184344,normal
2026-04-23,7,FRA-OVE-L01-01,78.98,0.6053424960677376,normal
2026-04-24,7,FRA-OVE-L01-01,91.41,1.3580772556954135,normal
2026-04-27,7,FRA-OVE-L01-01,55.46,-0.81897943043612,normal
2026-04-28,7,FRA-OVE-L01-01,49.01,-1.2095779179339892,normal
2026-04-29,7,FRA-OVE-L01-01,50.64,-1.1108685327213492,normal
2026-04-30,7,FRA-OVE-L01-01,34.77,-2.071922485681222,warning
2026-05-01,7,FRA-OVE-L01-01,68.5,-0.029304348735001814,normal
2026-05-04,7,FRA-OVE-L01-01,65.62,-0.20371111524567795,normal
2026-05-05,7,FRA-OVE-L01-01,82.86,0.840307167616843,normal
2026-05-06,7,FRA-OVE-L01-01,90.62,1.3102365107150549,normal
2026-05-07,7,FRA-OVE-L01-01,37.84,-1.8860097172132442,normal
2026-05-08,7,FRA-OVE-L01-01,67.4,-0.09591804427727371,normal
2026-05-11,7,FRA-OVE-L01-01,59.15,-0.5955207608443159,normal
2025-11-13,4,FRA-PP-L01-01,67.75,0.08174337757684663,normal
2025-11-14,4,FRA-PP-L01-01,82.85,0.9961640291599592,normal
2025-11-17,4,FRA-PP-L01-01,58.71,-0.46569786019211623,normal
2025-11-18,4,FRA-PP-L01-01,72.09,0.34456361783318523,normal
2025-11-19,4,FRA-PP-L01-01,30.46,-2.1764517282201252,warning
2025-11-20,4,FRA-PP-L01-01,42.33,-1.4576323153531354,normal
2025-11-21,4,FRA-PP-L01-01,72.15,0.3481970773758997,normal
2025-11-24,4,FRA-PP-L01-01,43.22,-1.4037359988028726,normal
2025-11-25,4,FRA-PP-L01-01,52.19,-0.8605337971670765,normal
2025-11-26,4,FRA-PP-L01-01,56.63,-0.5916577910062139,normal
2025-11-27,4,FRA-PP-L01-01,43.64,-1.3783017820038719,normal
2025-11-28,4,FRA-PP-L01-01,40.97,-1.5399907316546608,normal
2025-12-01,4,FRA-PP-L01-01,62.27,-0.25011259399106434,normal
2025-12-02,4,FRA-PP-L01-01,92.19,1.561772564642494,normal
2025-12-03,4,FRA-PP-L01-01,63.7,-0.1635151415563722,normal
2025-12-04,4,FRA-PP-L01-01,92.45,1.5775175559942567,normal
2025-12-05,4,FRA-PP-L01-01,91.74,1.5345216180721362,normal
2025-12-08,4,FRA-PP-L01-01,73.49,0.4293443404965197,normal
2025-12-09,4,FRA-PP-L01-01,43.11,-1.4103973412978488,normal
2025-12-10,4,FRA-PP-L01-01,49.07,-1.0494736933882227,normal
2025-12-11,4,FRA-PP-L01-01,39.56,-1.625377030908448,normal
2025-12-12,4,FRA-PP-L01-01,75.91,0.5758938753859988,normal
2025-12-15,4,FRA-PP-L01-01,55.82,-0.6407094948328578,normal
2025-12-16,4,FRA-PP-L01-01,69.31,0.17621332568742,normal
2025-12-17,4,FRA-PP-L01-01,49.37,-1.031306395674651,normal
2025-12-18,4,FRA-PP-L01-01,64.35,-0.1241526631769672,normal
2025-12-19,4,FRA-PP-L01-01,51.06,-0.9289639518881965,normal
2025-12-22,4,FRA-PP-L01-01,66.64,0.014524376036631087,normal
2025-12-23,4,FRA-PP-L01-01,69.53,0.18953601067737258,normal
2025-12-24,4,FRA-PP-L01-01,73.07,0.4039101236975191,normal
2025-12-25,4,FRA-PP-L01-01,60.15,-0.37849483116697186,normal
2025-12-26,4,FRA-PP-L01-01,82.07,0.9489290551046725,normal
2025-12-29,4,FRA-PP-L01-01,32.69,-2.041408148549242,warning
2025-12-30,4,FRA-PP-L01-01,89.42,1.3940278490871816,normal
2025-12-31,4,FRA-PP-L01-01,90.9,1.4836531844741359,normal
2026-01-01,4,FRA-PP-L01-01,91.94,1.5466331498811843,normal
2026-01-02,4,FRA-PP-L01-01,91.32,1.5090874012731357,normal
2026-01-05,4,FRA-PP-L01-01,54.9,-0.696422541154478,normal
2026-01-06,4,FRA-PP-L01-01,90.33,1.4491353188183491,normal
2026-01-07,4,FRA-PP-L01-01,63.12,-0.19863858380261132,normal
2026-01-08,4,FRA-PP-L01-01,90.03,1.4309680211047775,normal
2026-01-09,4,FRA-PP-L01-01,91.63,1.52786027557716,normal
2026-01-12,4,FRA-PP-L01-01,60.0,-0.38757848002375767,normal
2026-01-13,4,FRA-PP-L01-01,42.22,-1.4642936578481118,normal
2026-01-14,4,FRA-PP-L01-01,74.88,0.5135194865694023,normal
2026-01-15,4,FRA-PP-L01-01,68.85,0.1483568025266095,normal
2026-01-16,4,FRA-PP-L01-01,66.2,-0.01212099394327405,normal
2026-01-19,4,FRA-PP-L01-01,87.96,1.3056136668811318,normal
2026-01-20,4,FRA-PP-L01-01,46.91,-1.18027823692594,normal
2026-01-21,4,FRA-PP-L01-01,20.2,-2.7977733100242803,warning
2026-01-22,4,FRA-PP-L01-01,54.81,-0.7018727304685493,normal
2026-01-23,4,FRA-PP-L01-01,91.85,1.5411829605671126,normal
2026-01-26,4,FRA-PP-L01-01,65.53,-0.05269462550358446,normal
2026-01-27,4,FRA-PP-L01-01,91.76,1.5357327712530418,normal
2026-01-28,4,FRA-PP-L01-01,92.25,1.5654060241852086,normal
2026-01-29,4,FRA-PP-L01-01,61.76,-0.2809970001041367,normal
2026-01-30,4,FRA-PP-L01-01,79.79,0.8108575924815278,normal
2026-02-02,4,FRA-PP-L01-01,78.15,0.7115430316473353,normal
2026-02-03,4,FRA-PP-L01-01,67.75,0.08174337757684663,normal
2026-02-04,4,FRA-PP-L01-01,48.67,-1.0736967570063185,normal
2026-02-05,4,FRA-PP-L01-01,54.77,-0.7042950368303588,normal
2026-02-06,4,FRA-PP-L01-01,57.98,-0.5099049512951411,normal
2026-02-09,4,FRA-PP-L01-01,60.76,-0.34155465914937594,normal
2026-02-10,4,FRA-PP-L01-01,59.85,-0.3966621288805435,normal
2026-02-11,4,FRA-PP-L01-01,73.84,0.45053952116235396,normal
2026-02-12,4,FRA-PP-L01-01,60.29,-0.37001675890063834,normal
2026-02-13,4,FRA-PP-L01-01,40.97,-1.5399907316546608,normal
2026-02-16,4,FRA-PP-L01-01,68.64,0.1356396941271096,normal
2026-02-17,4,FRA-PP-L01-01,62.1,-0.2604073960287551,normal
2026-02-18,4,FRA-PP-L01-01,59.48,-0.41906846272728226,normal
2026-02-19,4,FRA-PP-L01-01,90.61,1.4660914633510163,normal
2026-02-20,4,FRA-PP-L01-01,57.14,-0.5607733848931419,normal
2026-02-23,4,FRA-PP-L01-01,68.73,0.14108988344118134,normal
2026-02-24,4,FRA-PP-L01-01,57.82,-0.5195941767423792,normal
2026-02-25,4,FRA-PP-L01-01,57.77,-0.522622059694641,normal
2026-02-26,4,FRA-PP-L01-01,53.57,-0.7769642276846461,normal
2026-02-27,4,FRA-PP-L01-01,74.46,0.48808526977040173,normal
2026-03-02,4,FRA-PP-L01-01,76.2,0.5934555965091186,normal
2026-03-03,4,FRA-PP-L01-01,45.29,-1.2783816445792273,normal
2026-03-04,4,FRA-PP-L01-01,92.06,1.5539000689666131,normal
2026-03-05,4,FRA-PP-L01-01,50.69,-0.9513702857349353,normal
2026-03-06,4,FRA-PP-L01-01,81.77,0.9307617573911009,normal
2026-03-09,4,FRA-PP-L01-01,75.19,0.5322923608734266,normal
2026-03-10,4,FRA-PP-L01-01,34.95,-1.904547839107001,normal
2026-03-11,4,FRA-PP-L01-01,40.13,-1.5908591652526616,normal
2026-03-12,4,FRA-PP-L01-01,47.83,-1.1245651906043195,normal
2026-03-13,4,FRA-PP-L01-01,58.95,-0.4511640220212587,normal
2026-03-16,4,FRA-PP-L01-01,69.29,0.17500217250651548,normal
2026-03-17,4,FRA-PP-L01-01,73.23,0.41359934914475804,normal
2026-03-18,4,FRA-PP-L01-01,68.47,0.12534489208941885,normal
2026-03-19,4,FRA-PP-L01-01,91.1,1.495764716283183,normal
2026-03-20,4,FRA-PP-L01-01,93.29,1.6283859895922579,normal
2026-03-23,4,FRA-PP-L01-01,91.89,1.5436052669289224,normal
2026-03-24,4,FRA-PP-L01-01,65.12,-0.07752326571213235,normal
2026-03-25,4,FRA-PP-L01-01,75.95,0.5783161817478087,normal
2026-03-26,4,FRA-PP-L01-01,68.66,0.13685084730801417,normal
2026-03-27,4,FRA-PP-L01-01,62.59,-0.23073414309658777,normal
2026-03-30,4,FRA-PP-L01-01,91.3,1.5078762480922312,normal
2026-03-31,4,FRA-PP-L01-01,55.87,-0.6376816118805959,normal
2026-04-01,4,FRA-PP-L01-01,74.37,0.48263508045633086,normal
2026-04-02,4,FRA-PP-L01-01,74.67,0.5008023781699025,normal
2026-04-03,4,FRA-PP-L01-01,91.75,1.5351271946625888,normal
2026-04-06,4,FRA-PP-L01-01,67.21,0.049042241692417055,normal
2026-04-07,4,FRA-PP-L01-01,44.88,-1.3032102847877751,normal
2026-04-08,4,FRA-PP-L01-01,53.49,-0.7818088404082651,normal
2026-04-09,4,FRA-PP-L01-01,77.86,0.6939813105242155,normal
2026-04-10,4,FRA-PP-L01-01,59.82,-0.3984788586519007,normal
2026-04-13,4,FRA-PP-L01-01,50.02,-0.9919439172952453,normal
2026-04-14,4,FRA-PP-L01-01,71.88,0.3318465094336845,normal
2026-04-15,4,FRA-PP-L01-01,59.51,-0.417251732955925,normal
2026-04-16,4,FRA-PP-L01-01,92.28,1.5672227539565657,normal
2026-04-17,4,FRA-PP-L01-01,67.26,0.05207012464467971,normal
2026-04-20,4,FRA-PP-L01-01,78.21,0.715176491190049,normal
2026-04-21,4,FRA-PP-L01-01,74.23,0.4741570081899973,normal
2026-04-22,4,FRA-PP-L01-01,63.57,-0.17138763723225348,normal
2026-04-23,4,FRA-PP-L01-01,53.47,-0.7830199935891701,normal
2026-04-24,4,FRA-PP-L01-01,69.43,0.18348024477284902,normal
2026-04-27,4,FRA-PP-L01-01,67.98,0.09567163915725191,normal
2026-04-28,4,FRA-PP-L01-01,77.62,0.6794474723533585,normal
2026-04-29,4,FRA-PP-L01-01,63.24,-0.1913716647171823,normal
2026-04-30,4,FRA-PP-L01-01,50.19,-0.9816491152575549,normal
2026-05-01,4,FRA-PP-L01-01,92.86,1.6023461962028045,normal
2026-05-04,4,FRA-PP-L01-01,63.77,-0.15927610542320544,normal
2026-05-05,4,FRA-PP-L01-01,56.53,-0.5977135569107378,normal
2026-05-06,4,FRA-PP-L01-01,48.48,-1.0852027122249142,normal
2026-05-07,4,FRA-PP-L01-01,67.5,0.06660396281553682,normal
2026-05-08,4,FRA-PP-L01-01,59.7,-0.4057457777373293,normal
2026-05-11,4,FRA-PP-L01-01,85.17,1.1366577981449146,normal
2025-11-13,5,FRA-PP-L01-02,41.94,-1.6807344929432573,normal
2025-11-14,5,FRA-PP-L01-02,63.23,-0.2963683167044773,normal
2025-11-17,5,FRA-PP-L01-02,57.7,-0.6559523916035118,normal
2025-11-18,5,FRA-PP-L01-02,65.68,-0.13705891643275225,normal
2025-11-19,5,FRA-PP-L01-02,55.34,-0.8094096098244381,normal
2025-11-20,5,FRA-PP-L01-02,82.2,0.9371416111137316,normal
2025-11-21,5,FRA-PP-L01-02,68.29,0.032654363040390766,normal
2025-11-24,5,FRA-PP-L01-02,50.26,-1.1397327744694832,normal
2025-11-25,5,FRA-PP-L01-02,62.33,-0.35489013721245755,normal
2025-11-26,5,FRA-PP-L01-02,59.03,-0.5694701457417187,normal
2025-11-27,5,FRA-PP-L01-02,75.99,0.5333410496086666,normal
2025-11-28,5,FRA-PP-L01-02,64.17,-0.23524552639614188,normal
2025-12-01,5,FRA-PP-L01-02,65.01,-0.18062516058869332,normal
2025-12-02,5,FRA-PP-L01-02,73.98,0.4026423171408443,normal
2025-12-03,5,FRA-PP-L01-02,72.97,0.3369678296818882,normal
2025-12-04,5,FRA-PP-L01-02,38.9,-1.8784081977702132,normal
2025-12-05,5,FRA-PP-L01-02,73.45,0.36817946728614465,normal
2025-12-08,5,FRA-PP-L01-02,90.69,1.4891974512390127,normal
2025-12-09,5,FRA-PP-L01-02,84.22,1.068490586031643,normal
2025-12-10,5,FRA-PP-L01-02,90.49,1.4761926022372391,normal
2025-12-11,5,FRA-PP-L01-02,67.97,0.011846604637552823,normal
2025-12-12,5,FRA-PP-L01-02,71.4,0.23487976501796734,normal
2025-12-15,5,FRA-PP-L01-02,91.73,1.556822666048235,normal
2025-12-16,5,FRA-PP-L01-02,59.1,-0.564918448591098,normal
2025-12-17,5,FRA-PP-L01-02,92.49,1.6062410922549732,normal
2025-12-18,5,FRA-PP-L01-02,73.8,0.3909379530392478,normal
2025-12-19,5,FRA-PP-L01-02,67.19,-0.03887230646936357,normal
2025-12-22,5,FRA-PP-L01-02,60.08,-0.5011946884824084,normal
2025-12-23,5,FRA-PP-L01-02,48.63,-1.2457222938339363,normal
2025-12-24,5,FRA-PP-L01-02,90.19,1.4566853287345791,normal
2025-12-25,5,FRA-PP-L01-02,93.11,1.6465561241604711,normal
2025-12-26,5,FRA-PP-L01-02,77.0,0.5990155370676226,normal
2025-12-29,5,FRA-PP-L01-02,53.97,-0.8984928254865863,normal
2025-12-30,5,FRA-PP-L01-02,92.67,1.6179454563565698,normal
2025-12-31,5,FRA-PP-L01-02,61.93,-0.3808998352160043,normal
2026-01-01,5,FRA-PP-L01-02,79.5,0.7615761495897903,normal
2026-01-02,5,FRA-PP-L01-02,61.87,-0.38480128991653645,normal
2026-01-05,5,FRA-PP-L01-02,67.61,-0.011562123565639288,normal
2026-01-06,5,FRA-PP-L01-02,71.92,0.268692372422578,normal
2026-01-07,5,FRA-PP-L01-02,90.5,1.476842844687328,normal
2026-01-08,5,FRA-PP-L01-02,63.6,-0.2723093460511961,normal
2026-01-09,5,FRA-PP-L01-02,77.77,0.64908420572445,normal
2026-01-12,5,FRA-PP-L01-02,41.23,-1.726901706899553,normal
2026-01-13,5,FRA-PP-L01-02,57.66,-0.6585533614038669,normal
2026-01-14,5,FRA-PP-L01-02,91.19,1.5217095737434463,normal
2026-01-15,5,FRA-PP-L01-02,54.34,-0.8744338548333052,normal
2026-01-16,5,FRA-PP-L01-02,73.71,0.38508577098844954,normal
2026-01-19,5,FRA-PP-L01-02,52.95,-0.9648175553956304,normal
2026-01-20,5,FRA-PP-L01-02,74.59,0.44230710659625316,normal
2026-01-21,5,FRA-PP-L01-02,76.21,0.5476463835106172,normal
2026-01-22,5,FRA-PP-L01-02,77.71,0.6451827510239179,normal
2026-01-23,5,FRA-PP-L01-02,71.15,0.21862370376575058,normal
2026-01-26,5,FRA-PP-L01-02,92.82,1.6276990931078994,normal
2026-01-27,5,FRA-PP-L01-02,54.73,-0.8490743992798474,normal
2026-01-28,5,FRA-PP-L01-02,90.9,1.5028525426908754,normal
2026-01-29,5,FRA-PP-L01-02,66.39,-0.09089170247645705,normal
2026-01-30,5,FRA-PP-L01-02,73.09,0.3447707390829525,normal
2026-02-02,5,FRA-PP-L01-02,72.59,0.312258616578519,normal
2026-02-03,5,FRA-PP-L01-02,39.07,-1.8673540761187055,normal
2026-02-04,5,FRA-PP-L01-02,38.43,-1.9089695929243806,normal
2026-02-05,5,FRA-PP-L01-02,66.27,-0.09869461187752139,normal
2026-02-06,5,FRA-PP-L01-02,92.44,1.6029898800045301,normal
2026-02-09,5,FRA-PP-L01-02,83.73,1.0366287059772983,normal
2026-02-10,5,FRA-PP-L01-02,92.6,1.6133937592059486,normal
2026-02-11,5,FRA-PP-L01-02,39.68,-1.8276892866632968,normal
2026-02-12,5,FRA-PP-L01-02,76.08,0.5391932316594648,normal
2026-02-13,5,FRA-PP-L01-02,82.54,0.9592498544167466,normal
2026-02-16,5,FRA-PP-L01-02,92.55,1.6101425469555055,normal
2026-02-17,5,FRA-PP-L01-02,34.8,-2.1450076023065683,warning
2026-02-18,5,FRA-PP-L01-02,84.46,1.0840964048337707,normal
2026-02-19,5,FRA-PP-L01-02,66.1,-0.1097487335290289,normal
2026-02-20,5,FRA-PP-L01-02,56.01,-0.7658433656684974,normal
2026-02-23,5,FRA-PP-L01-02,73.68,0.38313504363818435,normal
2026-02-24,5,FRA-PP-L01-02,38.39,-1.9115705627247352,normal
2026-02-25,5,FRA-PP-L01-02,51.39,-1.0662553776094632,normal
2026-02-26,5,FRA-PP-L01-02,52.17,-1.0155364665025468,normal
2026-02-27,5,FRA-PP-L01-02,59.7,-0.5259039015857776,normal
2026-03-02,5,FRA-PP-L01-02,55.81,-0.7788482146702707,normal
2026-03-03,5,FRA-PP-L01-02,76.43,0.5619517174125688,normal
2026-03-04,5,FRA-PP-L01-02,56.37,-0.7424346374653054,normal
2026-03-05,5,FRA-PP-L01-02,67.51,-0.018064548066525625,normal
2026-03-06,5,FRA-PP-L01-02,58.69,-0.5915783890447337,normal
2026-03-09,5,FRA-PP-L01-02,70.85,0.1991164302630897,normal
2026-03-10,5,FRA-PP-L01-02,46.21,-1.4030809667553947,normal
2026-03-11,5,FRA-PP-L01-02,71.96,0.2712933422229321,normal
2026-03-12,5,FRA-PP-L01-02,92.33,1.5958372130535547,normal
2026-03-13,5,FRA-PP-L01-02,91.32,1.5301627255945986,normal
2026-03-16,5,FRA-PP-L01-02,47.63,-1.3107465388428032,normal
2026-03-17,5,FRA-PP-L01-02,71.74,0.25698800832098145,normal
2026-03-18,5,FRA-PP-L01-02,84.98,1.1179090122383821,normal
2026-03-19,5,FRA-PP-L01-02,90.15,1.454084358934225,normal
2026-03-20,5,FRA-PP-L01-02,66.95,-0.05447812527149134,normal
2026-03-23,5,FRA-PP-L01-02,61.41,-0.41471244262061535,normal
2026-03-24,5,FRA-PP-L01-02,60.62,-0.4660815961776203,normal
2026-03-25,5,FRA-PP-L01-02,78.0,0.6640397820764897,normal
2026-03-26,5,FRA-PP-L01-02,51.65,-1.0493490739071578,normal
2026-03-27,5,FRA-PP-L01-02,63.54,-0.2762108007517283,normal
2026-03-30,5,FRA-PP-L01-02,57.67,-0.6579031189537778,normal
2026-03-31,5,FRA-PP-L01-02,63.94,-0.2502011027481816,normal
2026-04-01,5,FRA-PP-L01-02,33.73,-2.214583544466056,warning
2026-04-02,5,FRA-PP-L01-02,71.2,0.22187491601619375,normal
2026-04-03,5,FRA-PP-L01-02,59.77,-0.521352204435157,normal
2026-04-06,5,FRA-PP-L01-02,63.24,-0.29571807425438823,normal
2026-04-07,5,FRA-PP-L01-02,47.27,-1.3341552670459953,normal
2026-04-08,5,FRA-PP-L01-02,66.03,-0.11430043067964916,normal
2026-04-09,5,FRA-PP-L01-02,92.86,1.6303000629082545,normal
2026-04-10,5,FRA-PP-L01-02,66.78,-0.06553224692299885,normal
2026-04-13,5,FRA-PP-L01-02,68.36,0.03720606019101102,normal
2026-04-14,5,FRA-PP-L01-02,42.84,-1.6222126724352766,normal
2026-04-15,5,FRA-PP-L01-02,67.53,-0.016764063166348542,normal
2026-04-16,5,FRA-PP-L01-02,63.32,-0.290516134653679,normal
2026-04-17,5,FRA-PP-L01-02,69.52,0.1126341844012966,normal
2026-04-20,5,FRA-PP-L01-02,44.18,-1.535080184123395,normal
2026-04-21,5,FRA-PP-L01-02,79.61,0.7687288165407656,normal
2026-04-22,5,FRA-PP-L01-02,90.08,1.449532661783604,normal
2026-04-23,5,FRA-PP-L01-02,49.29,-1.2028062921280842,normal
2026-04-24,5,FRA-PP-L01-02,46.15,-1.4069824214559268,normal
2026-04-27,5,FRA-PP-L01-02,63.98,-0.24760013294782696,normal
2026-04-28,5,FRA-PP-L01-02,81.14,0.8682159114043323,normal
2026-04-29,5,FRA-PP-L01-02,66.72,-0.06943370162353102,normal
2026-04-30,5,FRA-PP-L01-02,61.12,-0.43356947367318677,normal
2026-05-01,5,FRA-PP-L01-02,65.96,-0.11885212783027034,normal
2026-05-04,5,FRA-PP-L01-02,82.82,0.9774566430192285,normal
2026-05-05,5,FRA-PP-L01-02,77.15,0.608769173818953,normal
2026-05-06,5,FRA-PP-L01-02,91.19,1.5217095737434463,normal
2026-05-07,5,FRA-PP-L01-02,61.18,-0.42966801897265455,normal
2026-05-08,5,FRA-PP-L01-02,52.77,-0.9765219194972264,normal
2026-05-11,5,FRA-PP-L01-02,74.04,0.40654377184137647,normal
2025-11-13,6,FRA-PP-L01-03,72.87,0.37995701957015277,normal
2025-11-14,6,FRA-PP-L01-03,60.55,-0.37380061840769035,normal
2025-11-17,6,FRA-PP-L01-03,45.35,-1.3037613405881454,normal
2025-11-18,6,FRA-PP-L01-03,74.57,0.4839657845508609,normal
2025-11-19,6,FRA-PP-L01-03,86.73,1.2279343622952257,normal
2025-11-20,6,FRA-PP-L01-03,67.83,0.07160162221558039,normal
2025-11-21,6,FRA-PP-L01-03,51.3,-0.9397306631556648,normal
2025-11-24,6,FRA-PP-L01-03,57.93,-0.5340964797309002,normal
2025-11-25,6,FRA-PP-L01-03,69.22,0.15664408299392468,normal
2025-11-26,6,FRA-PP-L01-03,92.62,1.5882941421401522,normal
2025-11-27,6,FRA-PP-L01-03,69.11,0.14991410408340827,normal
2025-11-28,6,FRA-PP-L01-03,66.82,0.009808179491747197,normal
2025-12-01,6,FRA-PP-L01-03,54.85,-0.7225358892253608,normal
2025-12-02,6,FRA-PP-L01-03,78.75,0.7397049831504865,normal
2025-12-03,6,FRA-PP-L01-03,61.85,-0.2942645040106775,normal
2025-12-04,6,FRA-PP-L01-03,92.39,1.5742223680545266,normal
2025-12-05,6,FRA-PP-L01-03,51.46,-0.9299416029221861,normal
2025-12-08,6,FRA-PP-L01-03,91.68,1.5307834132684663,normal
2025-12-09,6,FRA-PP-L01-03,79.54,0.7880384680532869,normal
2025-12-10,6,FRA-PP-L01-03,92.22,1.5638214915564557,normal
2025-12-11,6,FRA-PP-L01-03,78.0,0.6938187633060562,normal
2025-12-12,6,FRA-PP-L01-03,54.94,-0.7170295428440294,normal
2025-12-15,6,FRA-PP-L01-03,53.83,-0.7849411482137862,normal
2025-12-16,6,FRA-PP-L01-03,52.23,-0.8828317505485711,normal
2025-12-17,6,FRA-PP-L01-03,50.57,-0.9843932504709101,normal
2025-12-18,6,FRA-PP-L01-03,73.08,0.3928051611265929,normal
2025-12-19,6,FRA-PP-L01-03,49.03,-1.0786129552181405,normal
2025-12-22,6,FRA-PP-L01-03,66.55,-0.006710859652247487,normal
2025-12-23,6,FRA-PP-L01-03,70.5,0.23495656486175256,normal
2025-12-24,6,FRA-PP-L01-03,51.4,-0.9336125005097407,normal
2025-12-25,6,FRA-PP-L01-03,62.13,-0.27713364860209005,normal
2025-12-26,6,FRA-PP-L01-03,49.87,-1.0272203889923786,normal
2025-12-29,6,FRA-PP-L01-03,71.24,0.28023096844159023,normal
2025-12-30,6,FRA-PP-L01-03,90.77,1.475108133190557,normal
2025-12-31,6,FRA-PP-L01-03,56.57,-0.6173034917154673,normal
2026-01-01,6,FRA-PP-L01-03,63.54,-0.1908675552945612,normal
2026-01-02,6,FRA-PP-L01-03,81.12,0.8847054378588867,normal
2026-01-05,6,FRA-PP-L01-03,47.86,-1.1501954581754519,normal
2026-01-06,6,FRA-PP-L01-03,53.36,-0.8136965126496293,normal
2026-01-07,6,FRA-PP-L01-03,47.44,-1.175891741288333,normal
2026-01-08,6,FRA-PP-L01-03,33.74,-2.0140800237799272,warning
2026-01-09,6,FRA-PP-L01-03,51.07,-0.9538024372412899,normal
2026-01-12,6,FRA-PP-L01-03,65.41,-0.07645791381578167,normal
2026-01-13,6,FRA-PP-L01-03,68.43,0.1083105980911252,normal
2026-01-14,6,FRA-PP-L01-03,68.31,0.10096880291601606,normal
2026-01-15,6,FRA-PP-L01-03,73.7,0.43073776953132226,normal
2026-01-16,6,FRA-PP-L01-03,91.96,1.5479142686770528,normal
2026-01-19,6,FRA-PP-L01-03,78.96,0.7525531247069266,normal
2026-01-20,6,FRA-PP-L01-03,73.8,0.436855932177246,normal
2026-01-21,6,FRA-PP-L01-03,42.67,-1.4677280994989097,normal
2026-01-22,6,FRA-PP-L01-03,79.05,0.7580594710882584,normal
2026-01-23,6,FRA-PP-L01-03,52.72,-0.8528527535835432,normal
2026-01-26,6,FRA-PP-L01-03,54.55,-0.7408903771631332,normal
2026-01-27,6,FRA-PP-L01-03,64.96,-0.10398964572244006,normal
2026-01-28,6,FRA-PP-L01-03,44.98,-1.3263985423780646,normal
2026-01-29,6,FRA-PP-L01-03,62.8,-0.2361419588743993,normal
2026-01-30,6,FRA-PP-L01-03,77.07,0.6369198506989621,normal
2026-02-02,6,FRA-PP-L01-03,69.86,0.19580032392783864,normal
2026-02-03,6,FRA-PP-L01-03,66.73,0.004301833110416216,normal
2026-02-04,6,FRA-PP-L01-03,70.79,0.2526992365349327,normal
2026-02-05,6,FRA-PP-L01-03,91.27,1.505698946420177,normal
2026-02-06,6,FRA-PP-L01-03,60.62,-0.3695179045555435,normal
2026-02-09,6,FRA-PP-L01-03,75.05,0.5133329652512966,normal
2026-02-10,6,FRA-PP-L01-03,27.63,-2.387899761445887,warning
2026-02-11,6,FRA-PP-L01-03,59.04,-0.46618487436114336,normal
2026-02-12,6,FRA-PP-L01-03,91.4,1.513652557859879,normal
2026-02-13,6,FRA-PP-L01-03,80.02,0.8174056487537217,normal
2026-02-16,6,FRA-PP-L01-03,39.77,-1.645154816230707,normal
2026-02-17,6,FRA-PP-L01-03,91.67,1.5301715970038736,normal
2026-02-18,6,FRA-PP-L01-03,92.38,1.573610551789934,normal
2026-02-19,6,FRA-PP-L01-03,54.03,-0.772704822921938,normal
2026-02-20,6,FRA-PP-L01-03,51.73,-0.9134225637781914,normal
2026-02-23,6,FRA-PP-L01-03,40.22,-1.617623084324049,normal
2026-02-24,6,FRA-PP-L01-03,91.54,1.5222179855641726,normal
2026-02-25,6,FRA-PP-L01-03,82.79,0.9868787540458184,normal
2026-02-26,6,FRA-PP-L01-03,55.04,-0.7109113801981053,normal
2026-02-27,6,FRA-PP-L01-03,73.44,0.41483054665191943,normal
2026-03-02,6,FRA-PP-L01-03,82.19,0.9501697781702736,normal
2026-03-03,6,FRA-PP-L01-03,35.52,-1.9051767286824792,normal
2026-03-04,6,FRA-PP-L01-03,75.48,0.5396410646287704,normal
2026-03-05,6,FRA-PP-L01-03,57.63,-0.5524509676686722,normal
2026-03-06,6,FRA-PP-L01-03,50.05,-1.0162076962297153,normal
2026-03-09,6,FRA-PP-L01-03,62.06,-0.2814163624542369,normal
2026-03-10,6,FRA-PP-L01-03,54.27,-0.7580212325717202,normal
2026-03-11,6,FRA-PP-L01-03,70.75,0.2502519714765627,normal
2026-03-12,6,FRA-PP-L01-03,46.58,-1.2285079400432797,normal
2026-03-13,6,FRA-PP-L01-03,35.46,-1.9088476262700338,normal
2026-03-16,6,FRA-PP-L01-03,76.44,0.5983754260296409,normal
2026-03-17,6,FRA-PP-L01-03,60.96,-0.34871615155940155,normal
2026-03-18,6,FRA-PP-L01-03,45.94,-1.2676641809771938,normal
2026-03-19,6,FRA-PP-L01-03,71.48,0.2949145587918085,normal
2026-03-20,6,FRA-PP-L01-03,86.32,1.2028498954469364,normal
2026-03-23,6,FRA-PP-L01-03,79.66,0.7953802632283952,normal
2026-03-24,6,FRA-PP-L01-03,35.58,-1.901505831094925,normal
2026-03-25,6,FRA-PP-L01-03,76.84,0.6228480766133374,normal
2026-03-26,6,FRA-PP-L01-03,69.98,0.20314211910294777,normal
2026-03-27,6,FRA-PP-L01-03,63.01,-0.22329381731795872,normal
2026-03-30,6,FRA-PP-L01-03,84.58,1.0963938654078584,normal
2026-03-31,6,FRA-PP-L01-03,59.62,-0.430699531014784,normal
2026-04-01,6,FRA-PP-L01-03,92.21,1.563209675291863,normal
2026-04-02,6,FRA-PP-L01-03,88.98,1.3655930218285168,normal
2026-04-03,6,FRA-PP-L01-03,47.15,-1.1936344129615126,normal
2026-04-06,6,FRA-PP-L01-03,90.67,1.4689899705446332,normal
2026-04-07,6,FRA-PP-L01-03,90.58,1.4634836241633014,normal
2026-04-08,6,FRA-PP-L01-03,62.53,-0.252660998018394,normal
2026-04-09,6,FRA-PP-L01-03,74.09,0.4545986038504261,normal
2026-04-10,6,FRA-PP-L01-03,62.81,-0.23553014260980656,normal
2026-04-13,6,FRA-PP-L01-03,76.52,0.60326995614638,normal
2026-04-14,6,FRA-PP-L01-03,66.53,-0.007934492181432053,normal
2026-04-15,6,FRA-PP-L01-03,92.94,1.6078722626071087,normal
2026-04-16,6,FRA-PP-L01-03,86.03,1.1851072237737572,normal
2026-04-17,6,FRA-PP-L01-03,59.37,-0.4459949376295941,normal
2026-04-20,6,FRA-PP-L01-03,91.43,1.5154880066536562,normal
2026-04-21,6,FRA-PP-L01-03,88.5,1.3362258411280812,normal
2026-04-22,6,FRA-PP-L01-03,75.79,0.558607368831135,normal
2026-04-23,6,FRA-PP-L01-03,56.78,-0.6044553501590267,normal
2026-04-24,6,FRA-PP-L01-03,80.39,0.8400428505436409,normal
2026-04-27,6,FRA-PP-L01-03,90.38,1.4512472988714529,normal
2026-04-28,6,FRA-PP-L01-03,69.32,0.1627622456398484,normal
2026-04-29,6,FRA-PP-L01-03,51.08,-0.9531906209766976,normal
2026-04-30,6,FRA-PP-L01-03,39.79,-1.6439311837015225,normal
2026-05-01,6,FRA-PP-L01-03,44.74,-1.341082132728282,normal
2026-05-04,6,FRA-PP-L01-03,48.74,-1.0963556268913202,normal
2026-05-05,6,FRA-PP-L01-03,58.51,-0.49861113638454085,normal
2026-05-06,6,FRA-PP-L01-03,63.2,-0.21166930829070274,normal
2026-05-07,6,FRA-PP-L01-03,91.3,1.5075343952139544,normal
2026-05-08,6,FRA-PP-L01-03,69.04,0.14563139023126187,normal
2026-05-11,6,FRA-PP-L01-03,51.77,-0.9109752987198214,normal
2025-11-13,2,HDR-MLD-L01-01,76.73,0.5105600747655306,normal
2025-11-14,2,HDR-MLD-L01-01,92.64,1.4832847272667073,normal
2025-11-17,2,HDR-MLD-L01-01,57.84,-0.644359390083447,normal
2025-11-18,2,HDR-MLD-L01-01,64.38,-0.24450903009867705,normal
2025-11-19,2,HDR-MLD-L01-01,92.63,1.4826733352789627,normal
2025-11-20,2,HDR-MLD-L01-01,44.21,-1.4776866693789243,normal
2025-11-21,2,HDR-MLD-L01-01,92.49,1.4741138474505424,normal
2025-11-24,2,HDR-MLD-L01-01,62.33,-0.3698443875862578,normal
2025-11-25,2,HDR-MLD-L01-01,84.13,0.96299014569631,normal
2025-11-26,2,HDR-MLD-L01-01,93.15,1.5144657186416668,normal
2025-11-27,2,HDR-MLD-L01-01,92.0,1.4441556400510722,normal
2025-11-28,2,HDR-MLD-L01-01,80.23,0.7245472704760346,normal
2025-12-01,2,HDR-MLD-L01-01,92.06,1.4478239919775382,normal
2025-12-02,2,HDR-MLD-L01-01,69.38,0.061186963773471555,normal
2025-12-03,2,HDR-MLD-L01-01,67.88,-0.030521834388173033,normal
2025-12-04,2,HDR-MLD-L01-01,62.92,-0.3337722603093441,normal
2025-12-05,2,HDR-MLD-L01-01,91.2,1.3952442810315286,normal
2025-12-08,2,HDR-MLD-L01-01,79.79,0.6976460230152857,normal
2025-12-09,2,HDR-MLD-L01-01,91.89,1.437430328185885,normal
2025-12-10,2,HDR-MLD-L01-01,65.92,-0.1503546639860549,normal
2025-12-11,2,HDR-MLD-L01-01,74.42,0.36932852559659773,normal
2025-12-12,2,HDR-MLD-L01-01,87.96,1.1971532770023756,normal
2025-12-15,2,HDR-MLD-L01-01,80.65,0.7502257339612952,normal
2025-12-16,2,HDR-MLD-L01-01,64.9,-0.212716646735973,normal
2025-12-17,2,HDR-MLD-L01-01,59.26,-0.5575417278237571,normal
2025-12-18,2,HDR-MLD-L01-01,60.26,-0.49640252904932736,normal
2025-12-19,2,HDR-MLD-L01-01,61.41,-0.4260924504587333,normal
2025-12-22,2,HDR-MLD-L01-01,82.36,0.8547737638655696,normal
2025-12-23,2,HDR-MLD-L01-01,36.73,-1.935007876211659,normal
2025-12-24,2,HDR-MLD-L01-01,78.96,0.6469004880325082,normal
2025-12-25,2,HDR-MLD-L01-01,80.84,0.7618421817284367,normal
2025-12-26,2,HDR-MLD-L01-01,91.21,1.3958556730192724,normal
2025-12-29,2,HDR-MLD-L01-01,48.07,-1.2416893621096257,normal
2025-12-30,2,HDR-MLD-L01-01,62.2,-0.3777924834269334,normal
2025-12-31,2,HDR-MLD-L01-01,77.46,0.5551916898708636,normal
2026-01-01,2,HDR-MLD-L01-01,68.11,-0.016459818670053954,normal
2026-01-02,2,HDR-MLD-L01-01,35.71,-1.997369858961577,normal
2026-01-05,2,HDR-MLD-L01-01,37.18,-1.9074952367631652,normal
2026-01-06,2,HDR-MLD-L01-01,61.62,-0.413253218716103,normal
2026-01-07,2,HDR-MLD-L01-01,88.71,1.243007676083198,normal
2026-01-08,2,HDR-MLD-L01-01,48.38,-1.2227362104895523,normal
2026-01-09,2,HDR-MLD-L01-01,39.97,-1.7369168721825063,normal
2026-01-12,2,HDR-MLD-L01-01,68.94,0.03428571631272261,normal
2026-01-13,2,HDR-MLD-L01-01,61.58,-0.4156987866670801,normal
2026-01-14,2,HDR-MLD-L01-01,55.4,-0.7935390350930558,normal
2026-01-15,2,HDR-MLD-L01-01,73.83,0.333256398319684,normal
2026-01-16,2,HDR-MLD-L01-01,55.8,-0.769083355583284,normal
2026-01-19,2,HDR-MLD-L01-01,71.37,0.18285396933458725,normal
2026-01-20,2,HDR-MLD-L01-01,41.73,-1.6293118823395103,normal
2026-01-21,2,HDR-MLD-L01-01,59.93,-0.5165784646448891,normal
2026-01-22,2,HDR-MLD-L01-01,61.53,-0.41875574660580145,normal
2026-01-23,2,HDR-MLD-L01-01,82.85,0.8847319712650399,normal
2026-01-26,2,HDR-MLD-L01-01,70.05,0.10215022695233957,normal
2026-01-27,2,HDR-MLD-L01-01,82.7,0.875561091448876,normal
2026-01-28,2,HDR-MLD-L01-01,91.62,1.4209227445167891,normal
2026-01-29,2,HDR-MLD-L01-01,55.44,-0.7910934671420786,normal
2026-01-30,2,HDR-MLD-L01-01,75.63,0.44330695611365734,normal
2026-02-02,2,HDR-MLD-L01-01,60.51,-0.48111772935571995,normal
2026-02-03,2,HDR-MLD-L01-01,30.86,-2.293894973017561,warning
2026-02-04,2,HDR-MLD-L01-01,48.55,-1.2123425466978994,normal
2026-02-05,2,HDR-MLD-L01-01,91.61,1.4203113525290445,normal
2026-02-06,2,HDR-MLD-L01-01,62.86,-0.33744061223581,normal
2026-02-09,2,HDR-MLD-L01-01,63.42,-0.3032026609221292,normal
2026-02-10,2,HDR-MLD-L01-01,52.32,-0.9818477673182993,normal
2026-02-11,2,HDR-MLD-L01-01,55.11,-0.8112694027376404,normal
2026-02-12,2,HDR-MLD-L01-01,70.69,0.14127931416797462,normal
2026-02-13,2,HDR-MLD-L01-01,70.4,0.12354894652339049,normal
2026-02-16,2,HDR-MLD-L01-01,92.41,1.469222711548588,normal
2026-02-17,2,HDR-MLD-L01-01,79.19,0.6609625037506273,normal
2026-02-18,2,HDR-MLD-L01-01,61.57,-0.4163101786548243,normal
2026-02-19,2,HDR-MLD-L01-01,67.45,-0.056811689861177364,normal
2026-02-20,2,HDR-MLD-L01-01,79.07,0.6536257998976954,normal
2026-02-23,2,HDR-MLD-L01-01,92.13,1.4521037358917477,normal
2026-02-24,2,HDR-MLD-L01-01,74.69,0.3858361092656935,normal
2026-02-25,2,HDR-MLD-L01-01,76.94,0.5233993065081604,normal
2026-02-26,2,HDR-MLD-L01-01,69.1,0.04406798811663116,normal
2026-02-27,2,HDR-MLD-L01-01,84.66,0.9953939210467578,normal
2026-03-02,2,HDR-MLD-L01-01,66.89,-0.09104964117485814,normal
2026-03-03,2,HDR-MLD-L01-01,54.21,-0.8662946816346271,normal
2026-03-04,2,HDR-MLD-L01-01,89.57,1.2955873870292076,normal
2026-03-05,2,HDR-MLD-L01-01,82.13,0.8407117481474505,normal
2026-03-06,2,HDR-MLD-L01-01,83.01,0.8945142430689493,normal
2026-03-09,2,HDR-MLD-L01-01,61.44,-0.4242582744955003,normal
2026-03-10,2,HDR-MLD-L01-01,90.81,1.371399993509501,normal
2026-03-11,2,HDR-MLD-L01-01,44.07,-1.4862461572073444,normal
2026-03-12,2,HDR-MLD-L01-01,66.5,-0.11489392869688578,normal
2026-03-13,2,HDR-MLD-L01-01,53.83,-0.8895275771689105,normal
2026-03-16,2,HDR-MLD-L01-01,51.26,-1.0466553180191949,normal
2026-03-17,2,HDR-MLD-L01-01,55.66,-0.7776428434117042,normal
2026-03-18,2,HDR-MLD-L01-01,92.51,1.4753366314260317,normal
2026-03-19,2,HDR-MLD-L01-01,55.08,-0.8131035787008734,normal
2026-03-20,2,HDR-MLD-L01-01,71.93,0.21709192064826804,normal
2026-03-23,2,HDR-MLD-L01-01,71.79,0.20853243281984785,normal
2026-03-24,2,HDR-MLD-L01-01,82.48,0.8621104677185014,normal
2026-03-25,2,HDR-MLD-L01-01,91.71,1.4264252724064872,normal
2026-03-26,2,HDR-MLD-L01-01,49.36,-1.1628197956906112,normal
2026-03-27,2,HDR-MLD-L01-01,77.67,0.5680309216134943,normal
2026-03-30,2,HDR-MLD-L01-01,92.58,1.4796163753402414,normal
2026-03-31,2,HDR-MLD-L01-01,90.64,1.3610063297178479,normal
2026-04-01,2,HDR-MLD-L01-01,83.41,0.9189699225787207,normal
2026-04-02,2,HDR-MLD-L01-01,85.38,1.0394141441643472,normal
2026-04-03,2,HDR-MLD-L01-01,71.73,0.20486408089338193,normal
2026-04-06,2,HDR-MLD-L01-01,43.47,-1.5229296764720024,normal
2026-04-07,2,HDR-MLD-L01-01,91.31,1.4019695928967157,normal
2026-04-08,2,HDR-MLD-L01-01,31.4,-2.260879805679369,warning
2026-04-09,2,HDR-MLD-L01-01,30.71,-2.3030658528337256,warning
2026-04-10,2,HDR-MLD-L01-01,56.68,-0.7152808606617856,normal
2026-04-13,2,HDR-MLD-L01-01,55.09,-0.8124921867131287,normal
2026-04-14,2,HDR-MLD-L01-01,46.71,-1.32483867244285,normal
2026-04-15,2,HDR-MLD-L01-01,69.69,0.0801401153935449,normal
2026-04-16,2,HDR-MLD-L01-01,77.15,0.5362385382507912,normal
2026-04-17,2,HDR-MLD-L01-01,52.91,-0.9457756400413859,normal
2026-04-20,2,HDR-MLD-L01-01,53.54,-0.9072579448134951,normal
2026-04-21,2,HDR-MLD-L01-01,65.32,-0.18703818325071328,normal
2026-04-22,2,HDR-MLD-L01-01,58.08,-0.6296859823775841,normal
2026-04-23,2,HDR-MLD-L01-01,40.4,-1.7106270167095017,normal
2026-04-24,2,HDR-MLD-L01-01,62.64,-0.3508912359661845,normal
2026-04-27,2,HDR-MLD-L01-01,53.03,-0.9384389361884541,normal
2026-04-28,2,HDR-MLD-L01-01,73.35,0.3039095829079575,normal
2026-04-29,2,HDR-MLD-L01-01,73.24,0.29718427104277023,normal
2026-04-30,2,HDR-MLD-L01-01,78.78,0.6358954322531113,normal
2026-05-01,2,HDR-MLD-L01-01,54.76,-0.8326681223086908,normal
2026-05-04,2,HDR-MLD-L01-01,54.84,-0.8277769864067361,normal
2026-05-05,2,HDR-MLD-L01-01,85.33,1.0363571842256258,normal
2026-05-06,2,HDR-MLD-L01-01,56.32,-0.7372909722205804,normal
2026-05-07,2,HDR-MLD-L01-01,59.47,-0.5447024960811268,normal
2026-05-08,2,HDR-MLD-L01-01,70.03,0.10092744297685122,normal
2026-05-11,2,HDR-MLD-L01-01,70.53,0.1314970423640661,normal
2025-11-13,3,HDR-MLD-L01-02,66.31,-0.12080952186379117,normal
2025-11-14,3,HDR-MLD-L01-02,66.59,-0.10387369590901414,normal
2025-11-17,3,HDR-MLD-L01-02,91.95,1.4300282548522134,normal
2025-11-18,3,HDR-MLD-L01-02,77.32,0.5451313487151167,normal
2025-11-19,3,HDR-MLD-L01-02,61.91,-0.3869439297245723,normal
2025-11-20,3,HDR-MLD-L01-02,56.59,-0.7087246228653342,normal
2025-11-21,3,HDR-MLD-L01-02,48.76,-1.182322898672133,normal
2025-11-24,3,HDR-MLD-L01-02,91.1,1.3786159260609259,normal
2025-11-25,3,HDR-MLD-L01-02,84.12,0.9564299790454149,normal
2025-11-26,3,HDR-MLD-L01-02,85.58,1.0447382143810373,normal
2025-11-27,3,HDR-MLD-L01-02,76.7,0.5076305912438254,normal
2025-11-28,3,HDR-MLD-L01-02,42.4,-1.5670080882163526,normal
2025-12-01,3,HDR-MLD-L01-02,48.01,-1.227686718193857,normal
2025-12-02,3,HDR-MLD-L01-02,80.66,0.7471515583185278,normal
2025-12-03,3,HDR-MLD-L01-02,50.71,-1.0643769679156505,normal
2025-12-04,3,HDR-MLD-L01-02,55.75,-0.7595321007296653,normal
2025-12-05,3,HDR-MLD-L01-02,92.93,1.489303645693933,normal
2025-12-08,3,HDR-MLD-L01-02,70.32,0.12173569984569262,normal
2025-12-09,3,HDR-MLD-L01-02,90.03,1.3138968768766,normal
2025-12-10,3,HDR-MLD-L01-02,46.89,-1.2954300220129649,normal
2025-12-11,3,HDR-MLD-L01-02,82.43,0.854210172389797,normal
2025-12-12,3,HDR-MLD-L01-02,67.28,-0.06213898194902819,normal
2025-12-15,3,HDR-MLD-L01-02,57.87,-0.6313037042149255,normal
2025-12-16,3,HDR-MLD-L01-02,92.71,1.4759969253008933,normal
2025-12-17,3,HDR-MLD-L01-02,90.3,1.3302278519044204,normal
2025-12-18,3,HDR-MLD-L01-02,76.15,0.474363790261228,normal
2025-12-19,3,HDR-MLD-L01-02,77.25,0.5408973922264229,normal
2025-12-22,3,HDR-MLD-L01-02,77.21,0.5384779885185972,normal
2025-12-23,3,HDR-MLD-L01-02,71.1,0.16891407214828566,normal
2025-12-24,3,HDR-MLD-L01-02,72.75,0.2687144750960788,normal
2025-12-25,3,HDR-MLD-L01-02,91.31,1.391317795527009,normal
2025-12-26,3,HDR-MLD-L01-02,91.96,1.4306331057791692,normal
2025-12-29,3,HDR-MLD-L01-02,75.0,0.40480593366125084,normal
2025-12-30,3,HDR-MLD-L01-02,57.48,-0.6548928903662221,normal
2025-12-31,3,HDR-MLD-L01-02,92.73,1.4772066271548066,normal
2026-01-01,3,HDR-MLD-L01-02,66.71,-0.09661548478553889,normal
2026-01-02,3,HDR-MLD-L01-02,50.25,-1.0922001105556414,normal
2026-01-05,3,HDR-MLD-L01-02,54.94,-0.8085250258131274,normal
2026-01-06,3,HDR-MLD-L01-02,69.33,0.06185545807701725,normal
2026-01-07,3,HDR-MLD-L01-02,18.91,-2.9878029156367485,warning
2026-01-08,3,HDR-MLD-L01-02,91.56,1.406439068700917,normal
2026-01-09,3,HDR-MLD-L01-02,77.95,0.5832369571133654,normal
2026-01-12,3,HDR-MLD-L01-02,54.59,-0.8296948082565982,normal
2026-01-13,3,HDR-MLD-L01-02,67.09,-0.07363114956119814,normal
2026-01-14,3,HDR-MLD-L01-02,40.52,-1.6807200624841405,normal
2026-01-15,3,HDR-MLD-L01-02,90.47,1.3405103176626778,normal
2026-01-16,3,HDR-MLD-L01-02,74.79,0.39210406419516847,normal
2026-01-19,3,HDR-MLD-L01-02,64.43,-0.23452149613157908,normal
2026-01-20,3,HDR-MLD-L01-02,58.46,-0.5956174995245025,normal
2026-01-21,3,HDR-MLD-L01-02,59.15,-0.5538827855645165,normal
2026-01-22,3,HDR-MLD-L01-02,79.54,0.6794082544994205,normal
2026-01-23,3,HDR-MLD-L01-02,91.62,1.410068174262655,normal
2026-01-26,3,HDR-MLD-L01-02,52.51,-0.9555038010635131,normal
2026-01-27,3,HDR-MLD-L01-02,90.82,1.3616801001061487,normal
2026-01-28,3,HDR-MLD-L01-02,77.16,0.5354537338838158,normal
2026-01-29,3,HDR-MLD-L01-02,82.09,0.833645240873282,normal
2026-01-30,3,HDR-MLD-L01-02,91.9,1.427004000217432,normal
2026-02-02,3,HDR-MLD-L01-02,60.48,-0.47343761227932607,normal
2026-02-03,3,HDR-MLD-L01-02,48.88,-1.175064687548657,normal
2026-02-04,3,HDR-MLD-L01-02,50.97,-1.0486508438147863,normal
2026-02-05,3,HDR-MLD-L01-02,92.93,1.489303645693933,normal
2026-02-06,3,HDR-MLD-L01-02,66.18,-0.12867258391422307,normal
2026-02-09,3,HDR-MLD-L01-02,56.6,-0.7081197719383779,normal
2026-02-10,3,HDR-MLD-L01-02,92.47,1.461480503053942,normal
2026-02-11,3,HDR-MLD-L01-02,92.22,1.4463592298800338,normal
2026-02-12,3,HDR-MLD-L01-02,56.13,-0.736547765505325,normal
2026-02-13,3,HDR-MLD-L01-02,83.03,0.8905012280071759,normal
2026-02-16,3,HDR-MLD-L01-02,53.39,-0.9022769194913568,normal
2026-02-17,3,HDR-MLD-L01-02,93.36,1.5153122355530544,normal
2026-02-18,3,HDR-MLD-L01-02,52.67,-0.9458261862322117,normal
2026-02-19,3,HDR-MLD-L01-02,31.88,-2.2033112633744016,warning
2026-02-20,3,HDR-MLD-L01-02,79.55,0.6800131054263763,normal
2026-02-23,3,HDR-MLD-L01-02,58.29,-0.60589996528276,normal
2026-02-24,3,HDR-MLD-L01-02,72.69,0.26508536953434075,normal
2026-02-25,3,HDR-MLD-L01-02,69.93,0.09814651369439696,normal
2026-02-26,3,HDR-MLD-L01-02,65.81,-0.15105206821160716,normal
2026-02-27,3,HDR-MLD-L01-02,49.31,-1.1490560976895352,normal
2026-03-02,3,HDR-MLD-L01-02,73.56,0.31770740017954086,normal
2026-03-03,3,HDR-MLD-L01-02,58.23,-0.6095290708444981,normal
2026-03-04,3,HDR-MLD-L01-02,68.69,0.023144998751812727,normal
2026-03-05,3,HDR-MLD-L01-02,68.67,0.02193529689790033,normal
2026-03-06,3,HDR-MLD-L01-02,89.97,1.3102677713148618,normal
2026-03-09,3,HDR-MLD-L01-02,74.4,0.36851487804387195,normal
2026-03-10,3,HDR-MLD-L01-02,37.96,-1.8355618997849585,normal
2026-03-11,3,HDR-MLD-L01-02,72.32,0.24270588523695663,normal
2026-03-12,3,HDR-MLD-L01-02,24.45,-2.652715502102947,warning
2026-03-13,3,HDR-MLD-L01-02,53.54,-0.893204155587012,normal
2026-03-16,3,HDR-MLD-L01-02,92.62,1.470553266958287,normal
2026-03-17,3,HDR-MLD-L01-02,64.45,-0.23331179427766666,normal
2026-03-18,3,HDR-MLD-L01-02,66.78,-0.09238152829684419,normal
2026-03-19,3,HDR-MLD-L01-02,91.6,1.4088584724087418,normal
2026-03-20,3,HDR-MLD-L01-02,62.16,-0.3718226565506643,normal
2026-03-23,3,HDR-MLD-L01-02,60.71,-0.4595260409593305,normal
2026-03-24,3,HDR-MLD-L01-02,78.56,0.6201328636577009,normal
2026-03-25,3,HDR-MLD-L01-02,78.17,0.5965436775064044,normal
2026-03-26,3,HDR-MLD-L01-02,76.67,0.5058160384629564,normal
2026-03-27,3,HDR-MLD-L01-02,54.85,-0.813968684155734,normal
2026-03-30,3,HDR-MLD-L01-02,53.15,-0.9167933417383086,normal
2026-03-31,3,HDR-MLD-L01-02,58.65,-0.5841253319123325,normal
2026-04-01,3,HDR-MLD-L01-02,78.9,0.640697795174216,normal
2026-04-02,3,HDR-MLD-L01-02,78.94,0.6431171988820408,normal
2026-04-03,3,HDR-MLD-L01-02,72.46,0.25117379821434516,normal
2026-04-06,3,HDR-MLD-L01-02,84.56,0.9830434198314929,normal
2026-04-07,3,HDR-MLD-L01-02,92.52,1.4645047576887233,normal
2026-04-08,3,HDR-MLD-L01-02,53.77,-0.8792925842670165,normal
2026-04-09,3,HDR-MLD-L01-02,58.44,-0.5968272013784153,normal
2026-04-10,3,HDR-MLD-L01-02,75.63,0.44291154205949873,normal
2026-04-13,3,HDR-MLD-L01-02,51.13,-1.038973228983485,normal
2026-04-14,3,HDR-MLD-L01-02,67.12,-0.0718165967803291,normal
2026-04-15,3,HDR-MLD-L01-02,80.09,0.7126750554820179,normal
2026-04-16,3,HDR-MLD-L01-02,54.58,-0.8302996591835549,normal
2026-04-17,3,HDR-MLD-L01-02,76.52,0.4967432745586112,normal
2026-04-20,3,HDR-MLD-L01-02,56.9,-0.6899742441296886,normal
2026-04-21,3,HDR-MLD-L01-02,89.8,1.2999853055566044,normal
2026-04-22,3,HDR-MLD-L01-02,48.21,-1.2155896996547306,normal
2026-04-23,3,HDR-MLD-L01-02,46.46,-1.3214386118720867,normal
2026-04-24,3,HDR-MLD-L01-02,60.54,-0.469808506717588,normal
2026-04-27,3,HDR-MLD-L01-02,71.78,0.21004393518131584,normal
2026-04-28,3,HDR-MLD-L01-02,90.25,1.327203597269639,normal
2026-04-29,3,HDR-MLD-L01-02,70.12,0.10963868130656691,normal
2026-04-30,3,HDR-MLD-L01-02,52.85,-0.934938869546998,normal
2026-05-01,3,HDR-MLD-L01-02,61.58,-0.4069040103141308,normal
2026-05-04,3,HDR-MLD-L01-02,62.28,-0.36456444542718824,normal
2026-05-05,3,HDR-MLD-L01-02,58.23,-0.6095290708444981,normal
2026-05-06,3,HDR-MLD-L01-02,64.72,-0.21698081924984627,normal
2026-05-07,3,HDR-MLD-L01-02,38.25,-1.8180212229032253,normal
2026-05-08,3,HDR-MLD-L01-02,52.12,-0.9790929872148096,normal
2026-05-11,3,HDR-MLD-L01-02,44.71,-1.4272875240894425,normal
2025-11-13,1,SF-SPI-L01-01,91.9,1.282846726645481,normal
2025-11-14,1,SF-SPI-L01-01,42.97,-1.5257190759670471,normal
2025-11-17,1,SF-SPI-L01-01,76.43,0.3948738477079008,normal
2025-11-18,1,SF-SPI-L01-01,92.58,1.3218785015438357,normal
2025-11-19,1,SF-SPI-L01-01,92.13,1.2960486505081594,normal
2025-11-20,1,SF-SPI-L01-01,46.53,-1.321376254440364,normal
2025-11-21,1,SF-SPI-L01-01,59.05,-0.6027323989588835,normal
2025-11-24,1,SF-SPI-L01-01,35.38,-1.9613825634354525,normal
2025-11-25,1,SF-SPI-L01-01,92.19,1.2994926306462498,normal
2025-11-26,1,SF-SPI-L01-01,53.26,-0.9350764822845842,normal
2025-11-27,1,SF-SPI-L01-01,90.73,1.2156891139527228,normal
2025-11-28,1,SF-SPI-L01-01,65.66,-0.22332058707928398,normal
2025-12-01,1,SF-SPI-L01-01,77.63,0.4637534504697034,normal
2025-12-02,1,SF-SPI-L01-01,26.5,-2.4710916238727965,warning
2025-12-03,1,SF-SPI-L01-01,91.31,1.248980921954261,normal
2025-12-04,1,SF-SPI-L01-01,56.84,-0.7295856673785375,normal
2025-12-05,1,SF-SPI-L01-01,74.92,0.30820034756596476,normal
2025-12-08,1,SF-SPI-L01-01,66.43,-0.17912284197379297,normal
2025-12-09,1,SF-SPI-L01-01,61.3,-0.4735831437805024,normal
2025-12-10,1,SF-SPI-L01-01,91.57,1.2639048358859843,normal
2025-12-11,1,SF-SPI-L01-01,42.06,-1.577952774728081,normal
2025-12-12,1,SF-SPI-L01-01,90.19,1.184693292709911,normal
2025-12-15,1,SF-SPI-L01-01,80.99,0.6566163382027524,normal
2025-12-16,1,SF-SPI-L01-01,92.31,1.3063805909224302,normal
2025-12-17,1,SF-SPI-L01-01,68.12,-0.08211740141758686,normal
2025-12-18,1,SF-SPI-L01-01,48.07,-1.232980764229383,normal
2025-12-19,1,SF-SPI-L01-01,76.65,0.407501774880898,normal
2025-12-22,1,SF-SPI-L01-01,72.13,0.14805527114477182,normal
2025-12-23,1,SF-SPI-L01-01,41.47,-1.6118185794193012,normal
2025-12-24,1,SF-SPI-L01-01,68.87,-0.03906764969145983,normal
2025-12-25,1,SF-SPI-L01-01,47.36,-1.2737345291967834,normal
2025-12-26,1,SF-SPI-L01-01,43.02,-1.5228490925186384,normal
2025-12-29,1,SF-SPI-L01-01,92.7,1.3287664618200163,normal
2025-12-30,1,SF-SPI-L01-01,82.03,0.716311993929649,normal
2025-12-31,1,SF-SPI-L01-01,83.77,0.8161874179342634,normal
2026-01-01,1,SF-SPI-L01-01,92.41,1.312120557819247,normal
2026-01-02,1,SF-SPI-L01-01,54.68,-0.8535689523497836,normal
2026-01-05,1,SF-SPI-L01-01,92.46,1.3149905412676552,normal
2026-01-06,1,SF-SPI-L01-01,92.26,1.303510607474022,normal
2026-01-07,1,SF-SPI-L01-01,80.22,0.6124185930972623,normal
2026-01-08,1,SF-SPI-L01-01,90.22,1.186415282778956,normal
2026-01-09,1,SF-SPI-L01-01,92.36,1.3092505743708385,normal
2026-01-12,1,SF-SPI-L01-01,91.71,1.2719407895415282,normal
2026-01-13,1,SF-SPI-L01-01,68.73,-0.04710360334700357,normal
2026-01-14,1,SF-SPI-L01-01,47.86,-1.2450346947126987,normal
2026-01-15,1,SF-SPI-L01-01,47.77,-1.2502006649198338,normal
2026-01-16,1,SF-SPI-L01-01,92.09,1.293752663749433,normal
2026-01-19,1,SF-SPI-L01-01,85.7,0.9269687790428307,normal
2026-01-20,1,SF-SPI-L01-01,59.35,-0.5855124982684324,normal
2026-01-21,1,SF-SPI-L01-01,73.8,0.2439127183216148,normal
2026-01-22,1,SF-SPI-L01-01,60.54,-0.5172068921963111,normal
2026-01-23,1,SF-SPI-L01-01,60.61,-0.5131889153685392,normal
2026-01-26,1,SF-SPI-L01-01,44.75,-1.4235476652037056,normal
2026-01-27,1,SF-SPI-L01-01,91.08,1.2357789980915816,normal
2026-01-28,1,SF-SPI-L01-01,90.94,1.227743044436038,normal
2026-01-29,1,SF-SPI-L01-01,81.45,0.6830201859281109,normal
2026-01-30,1,SF-SPI-L01-01,67.08,-0.14181305714448336,normal
2026-02-02,1,SF-SPI-L01-01,82.98,0.7708416794494101,normal
2026-02-03,1,SF-SPI-L01-01,66.21,-0.19175076914679098,normal
2026-02-04,1,SF-SPI-L01-01,62.42,-0.4092955145361525,normal
2026-02-05,1,SF-SPI-L01-01,72.54,0.17158913542172188,normal
2026-02-06,1,SF-SPI-L01-01,58.34,-0.6434861639262834,normal
2026-02-09,1,SF-SPI-L01-01,92.43,1.3132685511986109,normal
2026-02-10,1,SF-SPI-L01-01,74.2,0.26687258590888285,normal
2026-02-11,1,SF-SPI-L01-01,37.94,-1.814439410876939,normal
2026-02-12,1,SF-SPI-L01-01,75.71,0.3535460860508181,normal
2026-02-13,1,SF-SPI-L01-01,87.07,1.0056063255292222,normal
2026-02-16,1,SF-SPI-L01-01,57.77,-0.67620397523814,normal
2026-02-17,1,SF-SPI-L01-01,57.99,-0.6635760480651428,normal
2026-02-18,1,SF-SPI-L01-01,86.02,0.9453366731126446,normal
2026-02-19,1,SF-SPI-L01-01,91.01,1.2317610212638102,normal
2026-02-20,1,SF-SPI-L01-01,57.82,-0.6733339917897317,normal
2026-02-23,1,SF-SPI-L01-01,67.03,-0.14468304059289167,normal
2026-02-24,1,SF-SPI-L01-01,57.26,-0.7054778064119067,normal
2026-02-25,1,SF-SPI-L01-01,74.84,0.3036083740485113,normal
2026-02-26,1,SF-SPI-L01-01,51.29,-1.0481538301518778,normal
2026-02-27,1,SF-SPI-L01-01,65.05,-0.2583343851498673,normal
2026-03-02,1,SF-SPI-L01-01,62.26,-0.4184794615710598,normal
2026-03-03,1,SF-SPI-L01-01,70.7,0.06597374452029003,normal
2026-03-04,1,SF-SPI-L01-01,42.97,-1.5257190759670471,normal
2026-03-05,1,SF-SPI-L01-01,92.26,1.303510607474022,normal
2026-03-06,1,SF-SPI-L01-01,59.33,-0.5866604916477961,normal
2026-03-09,1,SF-SPI-L01-01,59.2,-0.5941224486136578,normal
2026-03-10,1,SF-SPI-L01-01,68.85,-0.0402156430708238,normal
2026-03-11,1,SF-SPI-L01-01,91.64,1.2679228127137567,normal
2026-03-12,1,SF-SPI-L01-01,68.35,-0.0689154775549085,normal
2026-03-13,1,SF-SPI-L01-01,22.36,-2.708726253401018,warning
2026-03-16,1,SF-SPI-L01-01,71.6,0.11763344659164199,normal
2026-03-17,1,SF-SPI-L01-01,58.73,-0.6211002930286977,normal
2026-03-18,1,SF-SPI-L01-01,58.04,-0.6607060646167345,normal
2026-03-19,1,SF-SPI-L01-01,67.8,-0.10048529548740148,normal
2026-03-20,1,SF-SPI-L01-01,75.75,0.3558420728095452,normal
2026-03-23,1,SF-SPI-L01-01,83.36,0.7926535536573142,normal
2026-03-24,1,SF-SPI-L01-01,78.2,0.49647126178156037,normal
2026-03-25,1,SF-SPI-L01-01,91.83,1.2788287498177087,normal
2026-03-26,1,SF-SPI-L01-01,78.64,0.5217271161275547,normal
2026-03-27,1,SF-SPI-L01-01,73.39,0.22037885404466553,normal
2026-03-30,1,SF-SPI-L01-01,71.51,0.11246747638450737,normal
2026-03-31,1,SF-SPI-L01-01,82.31,0.7323839012407365,normal
2026-04-01,1,SF-SPI-L01-01,90.8,1.2197070907804943,normal
2026-04-02,1,SF-SPI-L01-01,65.74,-0.21872861356183054,normal
2026-04-03,1,SF-SPI-L01-01,50.15,-1.113589452775591,normal
2026-04-06,1,SF-SPI-L01-01,62.97,-0.3777256966036595,normal
2026-04-07,1,SF-SPI-L01-01,79.37,0.5636288744743186,normal
2026-04-08,1,SF-SPI-L01-01,92.49,1.3167125313367003,normal
2026-04-09,1,SF-SPI-L01-01,51.08,-1.0602077606351934,normal
2026-04-10,1,SF-SPI-L01-01,71.11,0.08950760879723929,normal
2026-04-13,1,SF-SPI-L01-01,39.08,-1.7490037882532259,normal
2026-04-14,1,SF-SPI-L01-01,53.48,-0.922448555111587,normal
2026-04-15,1,SF-SPI-L01-01,58.92,-0.6101943559247454,normal
2026-04-16,1,SF-SPI-L01-01,91.63,1.2673488160240747,normal
2026-04-17,1,SF-SPI-L01-01,60.52,-0.5183548855756742,normal
2026-04-20,1,SF-SPI-L01-01,70.03,0.027515966311616458,normal
2026-04-21,1,SF-SPI-L01-01,29.49,-2.2994666136579704,warning
2026-04-22,1,SF-SPI-L01-01,58.22,-0.650374124202464,normal
2026-04-23,1,SF-SPI-L01-01,57.88,-0.6698900116516414,normal
2026-04-24,1,SF-SPI-L01-01,47.1,-1.2886584431285073,normal
2026-04-27,1,SF-SPI-L01-01,54.99,-0.835775054969651,normal
2026-04-28,1,SF-SPI-L01-01,91.04,1.2334830113328554,normal
2026-04-29,1,SF-SPI-L01-01,59.35,-0.5855124982684324,normal
2026-04-30,1,SF-SPI-L01-01,52.88,-0.9568883564924883,normal
2026-05-01,1,SF-SPI-L01-01,81.91,0.7094240336534684,normal
2026-05-04,1,SF-SPI-L01-01,71.04,0.08548963196946782,normal
2026-05-05,1,SF-SPI-L01-01,65.39,-0.2388184977006895,normal
2026-05-06,1,SF-SPI-L01-01,91.44,1.2564428789201227,normal
2026-05-07,1,SF-SPI-L01-01,74.19,0.26629858921920085,normal
2026-05-08,1,SF-SPI-L01-01,61.38,-0.4689911702630486,normal
2026-05-11,1,SF-SPI-L01-01,90.69,1.2133931271939957,normal
2025-11-13,10,SFX-PLM-ASSY-01,92.67,1.4748966841543567,normal
2025-11-14,10,SFX-PLM-ASSY-01,71.72,0.26831724279095803,normal
2025-11-17,10,SFX-PLM-ASSY-01,48.03,-1.096067815247176,normal
2025-11-18,10,SFX-PLM-ASSY-01,58.66,-0.4838511344981105,normal
2025-11-19,10,SFX-PLM-ASSY-01,68.97,0.10993569320865038,normal
2025-11-20,10,SFX-PLM-ASSY-01,92.55,1.467985489263492,normal
2025-11-21,10,SFX-PLM-ASSY-01,34.5,-1.8753050391921298,normal
2025-11-24,10,SFX-PLM-ASSY-01,62.74,-0.2488705082087228,normal
2025-11-25,10,SFX-PLM-ASSY-01,91.19,1.3896586138336962,normal
2025-11-26,10,SFX-PLM-ASSY-01,91.34,1.398297607447277,normal
2025-11-27,10,SFX-PLM-ASSY-01,74.5,0.42842659109598186,normal
2025-11-28,10,SFX-PLM-ASSY-01,60.2,-0.39515746673201785,normal
2025-12-01,10,SFX-PLM-ASSY-01,43.63,-1.3494782945788681,normal
2025-12-02,10,SFX-PLM-ASSY-01,74.28,0.41575606712939733,normal
2025-12-03,10,SFX-PLM-ASSY-01,53.0,-0.8098291601838781,normal
2025-12-04,10,SFX-PLM-ASSY-01,93.11,1.5002377320875258,normal
2025-12-05,10,SFX-PLM-ASSY-01,66.68,-0.02195294262534355,normal
2025-12-08,10,SFX-PLM-ASSY-01,53.83,-0.7620267288553999,normal
2025-12-09,10,SFX-PLM-ASSY-01,49.91,-0.9877924286236349,normal
2025-12-10,10,SFX-PLM-ASSY-01,74.02,0.4007818115325243,normal
2025-12-11,10,SFX-PLM-ASSY-01,87.35,1.1685003773260374,normal
2025-12-12,10,SFX-PLM-ASSY-01,50.56,-0.9503567896314528,normal
2025-12-15,10,SFX-PLM-ASSY-01,64.31,-0.15844904171991442,normal
2025-12-16,10,SFX-PLM-ASSY-01,55.86,-0.6451123486182782,normal
2025-12-17,10,SFX-PLM-ASSY-01,76.78,0.5597392940224043,normal
2025-12-18,10,SFX-PLM-ASSY-01,66.85,-0.012162083196619796,normal
2025-12-19,10,SFX-PLM-ASSY-01,78.21,0.6420976998052038,normal
2025-12-22,10,SFX-PLM-ASSY-01,42.52,-1.413406847319363,normal
2025-12-23,10,SFX-PLM-ASSY-01,41.22,-1.488278125303727,normal
2025-12-24,10,SFX-PLM-ASSY-01,45.25,-1.2561771635521997,normal
2025-12-25,10,SFX-PLM-ASSY-01,63.34,-0.21431453375440107,normal
2025-12-26,10,SFX-PLM-ASSY-01,63.26,-0.21892199701497758,normal
2025-12-29,10,SFX-PLM-ASSY-01,66.52,-0.031167869146496618,normal
2025-12-30,10,SFX-PLM-ASSY-01,57.06,-0.5760003997096347,normal
2025-12-31,10,SFX-PLM-ASSY-01,92.08,1.4409166426076068,normal
2026-01-01,10,SFX-PLM-ASSY-01,48.24,-1.0839732241881632,normal
2026-01-02,10,SFX-PLM-ASSY-01,55.07,-0.6906110483164682,normal
2026-01-05,10,SFX-PLM-ASSY-01,51.28,-0.9088896202862669,normal
2026-01-06,10,SFX-PLM-ASSY-01,49.35,-1.020044671447668,normal
2026-01-07,10,SFX-PLM-ASSY-01,58.64,-0.48500300031325433,normal
2026-01-08,10,SFX-PLM-ASSY-01,80.74,0.787808725420927,normal
2026-01-09,10,SFX-PLM-ASSY-01,82.64,0.8972359778596126,normal
2026-01-12,10,SFX-PLM-ASSY-01,92.11,1.442644441330323,normal
2026-01-13,10,SFX-PLM-ASSY-01,75.87,0.50732939943335,normal
2026-01-14,10,SFX-PLM-ASSY-01,50.24,-0.9687866426737577,normal
2026-01-15,10,SFX-PLM-ASSY-01,92.93,1.4898709397512295,normal
2026-01-16,10,SFX-PLM-ASSY-01,61.83,-0.30128040279777757,normal
2026-01-19,10,SFX-PLM-ASSY-01,77.28,0.5885359394010057,normal
2026-01-20,10,SFX-PLM-ASSY-01,92.11,1.442644441330323,normal
2026-01-21,10,SFX-PLM-ASSY-01,91.54,1.4098162655987176,normal
2026-01-22,10,SFX-PLM-ASSY-01,52.24,-0.853600061159352,normal
2026-01-23,10,SFX-PLM-ASSY-01,66.16,-0.05190145381908959,normal
2026-01-26,10,SFX-PLM-ASSY-01,54.56,-0.7199836266026416,normal
2026-01-27,10,SFX-PLM-ASSY-01,75.66,0.4952348083743369,normal
2026-01-28,10,SFX-PLM-ASSY-01,93.42,1.5180916522222587,normal
2026-01-29,10,SFX-PLM-ASSY-01,31.6,-2.0423255823880178,warning
2026-01-30,10,SFX-PLM-ASSY-01,57.16,-0.5702410706339147,normal
2026-02-02,10,SFX-PLM-ASSY-01,45.0,-1.2705754862415004,normal
2026-02-03,10,SFX-PLM-ASSY-01,52.1,-0.8616631218653605,normal
2026-02-04,10,SFX-PLM-ASSY-01,57.6,-0.5449000227007452,normal
2026-02-05,10,SFX-PLM-ASSY-01,60.77,-0.3623292910004122,normal
2026-02-06,10,SFX-PLM-ASSY-01,79.13,0.6950835273018305,normal
2026-02-09,10,SFX-PLM-ASSY-01,84.88,1.0262449491557466,normal
2026-02-10,10,SFX-PLM-ASSY-01,90.39,1.3435839812279342,normal
2026-02-11,10,SFX-PLM-ASSY-01,36.81,-1.742264537542991,normal
2026-02-12,10,SFX-PLM-ASSY-01,91.71,1.4196071250274416,normal
2026-02-13,10,SFX-PLM-ASSY-01,25.47,-2.395372454729671,warning
2026-02-16,10,SFX-PLM-ASSY-01,64.46,-0.1498100481063345,normal
2026-02-17,10,SFX-PLM-ASSY-01,44.25,-1.3137704543094024,normal
2026-02-18,10,SFX-PLM-ASSY-01,69.64,0.14852319801597635,normal
2026-02-19,10,SFX-PLM-ASSY-01,42.94,-1.3892176652013382,normal
2026-02-20,10,SFX-PLM-ASSY-01,51.92,-0.872029914201657,normal
2026-02-23,10,SFX-PLM-ASSY-01,47.2,-1.143870246575654,normal
2026-02-24,10,SFX-PLM-ASSY-01,66.92,-0.008130552843615175,normal
2026-02-25,10,SFX-PLM-ASSY-01,81.9,0.8546169426992828,normal
2026-02-26,10,SFX-PLM-ASSY-01,91.4,1.4017532048927093,normal
2026-02-27,10,SFX-PLM-ASSY-01,51.82,-0.8777892432773774,normal
2026-03-02,10,SFX-PLM-ASSY-01,61.49,-0.3208621216552263,normal
2026-03-03,10,SFX-PLM-ASSY-01,76.28,0.5309426486438029,normal
2026-03-04,10,SFX-PLM-ASSY-01,83.09,0.923152958700354,normal
2026-03-05,10,SFX-PLM-ASSY-01,57.96,-0.5241664380281522,normal
2026-03-06,10,SFX-PLM-ASSY-01,63.54,-0.20279587560296075,normal
2026-03-09,10,SFX-PLM-ASSY-01,68.49,0.08229091364519281,normal
2026-03-10,10,SFX-PLM-ASSY-01,47.67,-1.1168013999197688,normal
2026-03-11,10,SFX-PLM-ASSY-01,60.3,-0.3893981376562979,normal
2026-03-12,10,SFX-PLM-ASSY-01,69.59,0.14564353347811637,normal
2026-03-13,10,SFX-PLM-ASSY-01,74.02,0.4007818115325243,normal
2026-03-16,10,SFX-PLM-ASSY-01,54.64,-0.7153761633420654,normal
2026-03-17,10,SFX-PLM-ASSY-01,53.13,-0.8023420323854416,normal
2026-03-18,10,SFX-PLM-ASSY-01,90.81,1.3677731633459596,normal
2026-03-19,10,SFX-PLM-ASSY-01,92.97,1.4921746713815174,normal
2026-03-20,10,SFX-PLM-ASSY-01,66.79,-0.015617680642051275,normal
2026-03-23,10,SFX-PLM-ASSY-01,92.07,1.4403407097000345,normal
2026-03-24,10,SFX-PLM-ASSY-01,60.72,-0.36520895553827265,normal
2026-03-25,10,SFX-PLM-ASSY-01,80.51,0.7745622685467709,normal
2026-03-26,10,SFX-PLM-ASSY-01,55.89,-0.643384549895562,normal
2026-03-27,10,SFX-PLM-ASSY-01,82.38,0.8822617222627396,normal
2026-03-30,10,SFX-PLM-ASSY-01,19.67,-2.729413541121447,warning
2026-03-31,10,SFX-PLM-ASSY-01,68.56,0.08632244399819743,normal
2026-04-01,10,SFX-PLM-ASSY-01,78.29,0.6467051630657807,normal
2026-04-02,10,SFX-PLM-ASSY-01,82.9,0.9122102334564856,normal
2026-04-03,10,SFX-PLM-ASSY-01,70.66,0.20726835458832296,normal
2026-04-06,10,SFX-PLM-ASSY-01,63.83,-0.18609382128337199,normal
2026-04-07,10,SFX-PLM-ASSY-01,72.82,0.33166986262388076,normal
2026-04-08,10,SFX-PLM-ASSY-01,79.0,0.6875963995033944,normal
2026-04-09,10,SFX-PLM-ASSY-01,90.45,1.3470395786733664,normal
2026-04-10,10,SFX-PLM-ASSY-01,32.52,-1.989339754891391,normal
2026-04-13,10,SFX-PLM-ASSY-01,61.53,-0.31855839002493824,normal
2026-04-14,10,SFX-PLM-ASSY-01,69.31,0.1295174120660995,normal
2026-04-15,10,SFX-PLM-ASSY-01,67.47,0.023545757072846195,normal
2026-04-16,10,SFX-PLM-ASSY-01,91.77,1.4230627224728738,normal
2026-04-17,10,SFX-PLM-ASSY-01,84.85,1.0245171504330304,normal
2026-04-20,10,SFX-PLM-ASSY-01,54.11,-0.745900607443383,normal
2026-04-21,10,SFX-PLM-ASSY-01,77.54,0.6035101949978787,normal
2026-04-22,10,SFX-PLM-ASSY-01,91.07,1.3827474189428317,normal
2026-04-23,10,SFX-PLM-ASSY-01,91.18,1.3890826809261247,normal
2026-04-24,10,SFX-PLM-ASSY-01,89.33,1.282535093025299,normal
2026-04-27,10,SFX-PLM-ASSY-01,50.32,-0.9641791794131815,normal
2026-04-28,10,SFX-PLM-ASSY-01,74.24,0.4134523354991088,normal
2026-04-29,10,SFX-PLM-ASSY-01,58.04,-0.5195589747675761,normal
2026-04-30,10,SFX-PLM-ASSY-01,70.24,0.18307917247029767,normal
2026-05-01,10,SFX-PLM-ASSY-01,40.81,-1.51189137451418,normal
2026-05-04,10,SFX-PLM-ASSY-01,66.49,-0.03289566786921277,normal
2026-05-05,10,SFX-PLM-ASSY-01,48.26,-1.0828213583730195,normal
2026-05-06,10,SFX-PLM-ASSY-01,61.24,-0.335260444344527,normal
2026-05-07,10,SFX-PLM-ASSY-01,93.29,1.5106045244238226,normal
2026-05-08,10,SFX-PLM-ASSY-01,76.86,0.5643467572829804,normal
2026-05-11,10,SFX-PLM-ASSY-01,81.16,0.8119979075389522,normal
2025-11-13,9,SFX-PLM-PROG-01,77.83,0.8197549124817594,normal
2025-11-14,9,SFX-PLM-PROG-01,43.08,-1.4104613955900136,normal
2025-11-17,9,SFX-PLM-PROG-01,65.18,0.00789199745707133,normal
2025-11-18,9,SFX-PLM-PROG-01,56.36,-0.5581657820304986,normal
2025-11-19,9,SFX-PLM-PROG-01,53.93,-0.7141204763791147,normal
2025-11-20,9,SFX-PLM-PROG-01,72.42,0.4725471361747584,normal
2025-11-21,9,SFX-PLM-PROG-01,69.67,0.296055198125913,normal
2025-11-24,9,SFX-PLM-PROG-01,60.1,-0.3181367462840688,normal
2025-11-25,9,SFX-PLM-PROG-01,64.61,-0.028689967883962542,normal
2025-11-26,9,SFX-PLM-PROG-01,85.87,1.3357531604500203,normal
2025-11-27,9,SFX-PLM-PROG-01,79.39,0.9198739755203773,normal
2025-11-28,9,SFX-PLM-PROG-01,92.63,1.7696024336173632,normal
2025-12-01,9,SFX-PLM-PROG-01,81.91,1.0816047696596827,normal
2025-12-02,9,SFX-PLM-PROG-01,80.37,0.9827692843523297,normal
2025-12-03,9,SFX-PLM-PROG-01,46.23,-1.2082979029158818,normal
2025-12-04,9,SFX-PLM-PROG-01,63.04,-0.12945081978821246,normal
2025-12-05,9,SFX-PLM-PROG-01,52.13,-0.8296424721929041,normal
2025-12-08,9,SFX-PLM-PROG-01,47.87,-1.1030445289522066,normal
2025-12-09,9,SFX-PLM-PROG-01,60.37,-0.3008084469120006,normal
2025-12-10,9,SFX-PLM-PROG-01,49.5,-0.9984329438541637,normal
2025-12-11,9,SFX-PLM-PROG-01,55.41,-0.6191357242655544,normal
2025-12-12,9,SFX-PLM-PROG-01,51.09,-0.8963885142186493,normal
2025-12-15,9,SFX-PLM-PROG-01,93.18,1.8049008212271331,normal
2025-12-16,9,SFX-PLM-PROG-01,42.44,-1.4515358829904723,normal
2025-12-17,9,SFX-PLM-PROG-01,66.28,0.0784887726766091,normal
2025-12-18,9,SFX-PLM-PROG-01,66.81,0.11250358255511392,normal
2025-12-19,9,SFX-PLM-PROG-01,71.8,0.4327562265055639,normal
2025-12-22,9,SFX-PLM-PROG-01,69.77,0.30247308678223433,normal
2025-12-23,9,SFX-PLM-PROG-01,67.72,0.1709063693276407,normal
2025-12-24,9,SFX-PLM-PROG-01,71.62,0.4212040269241854,normal
2025-12-25,9,SFX-PLM-PROG-01,46.98,-1.1601637379934695,normal
2025-12-26,9,SFX-PLM-PROG-01,52.43,-0.8103888062239394,normal
2025-12-29,9,SFX-PLM-PROG-01,73.61,0.5489200111849859,normal
2025-12-30,9,SFX-PLM-PROG-01,87.89,1.4653945113077174,normal
2025-12-31,9,SFX-PLM-PROG-01,50.86,-0.9111496581281893,normal
2026-01-01,9,SFX-PLM-PROG-01,69.59,0.29092088720085585,normal
2026-01-02,9,SFX-PLM-PROG-01,40.33,-1.586953333638859,normal
2026-01-05,9,SFX-PLM-PROG-01,76.06,0.7061582832648664,normal
2026-01-06,9,SFX-PLM-PROG-01,66.04,0.06308583990143747,normal
2026-01-07,9,SFX-PLM-PROG-01,55.28,-0.6274789795187723,normal
2026-01-08,9,SFX-PLM-PROG-01,81.74,1.0706943589439357,normal
2026-01-09,9,SFX-PLM-PROG-01,40.57,-1.571550400863687,normal
2026-01-12,9,SFX-PLM-PROG-01,54.37,-0.6858817662912995,normal
2026-01-13,9,SFX-PLM-PROG-01,63.62,-0.092227065581547,normal
2026-01-14,9,SFX-PLM-PROG-01,70.15,0.3268610636762572,normal
2026-01-15,9,SFX-PLM-PROG-01,41.23,-1.5291923357319643,normal
2026-01-16,9,SFX-PLM-PROG-01,68.96,0.25048818866602884,normal
2026-01-19,9,SFX-PLM-PROG-01,54.61,-0.6704788335161275,normal
2026-01-20,9,SFX-PLM-PROG-01,67.34,0.14651839243361872,normal
2026-01-21,9,SFX-PLM-PROG-01,59.06,-0.3848827883098139,normal
2026-01-22,9,SFX-PLM-PROG-01,81.36,1.0463063820499137,normal
2026-01-23,9,SFX-PLM-PROG-01,37.11,-1.793609348372416,normal
2026-01-26,9,SFX-PLM-PROG-01,55.67,-0.6024492137591179,normal
2026-01-27,9,SFX-PLM-PROG-01,93.93,1.8530349861495454,normal
2026-01-28,9,SFX-PLM-PROG-01,58.01,-0.4522706192011915,normal
2026-01-29,9,SFX-PLM-PROG-01,68.6,0.22738378950327093,normal
2026-01-30,9,SFX-PLM-PROG-01,79.28,0.9128142979984235,normal
2026-02-02,9,SFX-PLM-PROG-01,86.42,1.3710515480597893,normal
2026-02-03,9,SFX-PLM-PROG-01,57.84,-0.46318102991693794,normal
2026-02-04,9,SFX-PLM-PROG-01,58.13,-0.4445691528136052,normal
2026-02-05,9,SFX-PLM-PROG-01,91.69,1.70927428024794,normal
2026-02-06,9,SFX-PLM-PROG-01,62.55,-0.16089847420418865,normal
2026-02-09,9,SFX-PLM-PROG-01,68.18,0.2004286571467208,normal
2026-02-10,9,SFX-PLM-PROG-01,58.1,-0.4464945194105018,normal
2026-02-11,9,SFX-PLM-PROG-01,63.21,-0.11854040907246553,normal
2026-02-12,9,SFX-PLM-PROG-01,92.64,1.7702442224829957,normal
2026-02-13,9,SFX-PLM-PROG-01,68.87,0.24471208887534004,normal
2026-02-16,9,SFX-PLM-PROG-01,76.48,0.7331134156214175,normal
2026-02-17,9,SFX-PLM-PROG-01,63.64,-0.09094348785028247,normal
2026-02-18,9,SFX-PLM-PROG-01,70.05,0.320443175019935,normal
2026-02-19,9,SFX-PLM-PROG-01,84.57,1.2523206079178382,normal
2026-02-20,9,SFX-PLM-PROG-01,92.19,1.741363723529548,normal
2026-02-23,9,SFX-PLM-PROG-01,51.09,-0.8963885142186493,normal
2026-02-24,9,SFX-PLM-PROG-01,43.35,-1.393133096217945,normal
2026-02-25,9,SFX-PLM-PROG-01,24.41,-2.6086812077252657,warning
2026-02-26,9,SFX-PLM-PROG-01,46.11,-1.2159993693034676,normal
2026-02-27,9,SFX-PLM-PROG-01,57.98,-0.45419598579808806,normal
2026-03-02,9,SFX-PLM-PROG-01,51.45,-0.8732841150558913,normal
2026-03-03,9,SFX-PLM-PROG-01,79.73,0.9416947969518711,normal
2026-03-04,9,SFX-PLM-PROG-01,91.75,1.713125013441733,normal
2026-03-05,9,SFX-PLM-PROG-01,50.02,-0.9650599228412909,normal
2026-03-06,9,SFX-PLM-PROG-01,36.59,-1.8269823693852882,normal
2026-03-09,9,SFX-PLM-PROG-01,92.44,1.7574084451703522,normal
2026-03-10,9,SFX-PLM-PROG-01,73.32,0.5303081340816527,normal
2026-03-11,9,SFX-PLM-PROG-01,52.37,-0.8142395394177325,normal
2026-03-12,9,SFX-PLM-PROG-01,45.16,-1.2769693115385234,normal
2026-03-13,9,SFX-PLM-PROG-01,72.72,0.4918008021437232,normal
2026-03-16,9,SFX-PLM-PROG-01,47.35,-1.136417549965079,normal
2026-03-17,9,SFX-PLM-PROG-01,60.01,-0.3239128460747585,normal
2026-03-18,9,SFX-PLM-PROG-01,89.15,1.5462599083773705,normal
2026-03-19,9,SFX-PLM-PROG-01,57.01,-0.516449505764408,normal
2026-03-20,9,SFX-PLM-PROG-01,62.84,-0.14228659710085548,normal
2026-03-23,9,SFX-PLM-PROG-01,50.48,-0.9355376350222118,normal
2026-03-24,9,SFX-PLM-PROG-01,65.33,0.01751883044155326,normal
2026-03-25,9,SFX-PLM-PROG-01,56.74,-0.5337778051364761,normal
2026-03-26,9,SFX-PLM-PROG-01,40.43,-1.5805354449825373,normal
2026-03-27,9,SFX-PLM-PROG-01,65.93,0.0560261623794837,normal
2026-03-30,9,SFX-PLM-PROG-01,93.41,1.819661965136672,normal
2026-03-31,9,SFX-PLM-PROG-01,41.44,-1.5157147695536888,normal
2026-04-01,9,SFX-PLM-PROG-01,86.01,1.3447382045688707,normal
2026-04-02,9,SFX-PLM-PROG-01,76.57,0.7388895154121062,normal
2026-04-03,9,SFX-PLM-PROG-01,57.52,-0.48371827361716724,normal
2026-04-06,9,SFX-PLM-PROG-01,68.75,0.23701062248775376,normal
2026-04-07,9,SFX-PLM-PROG-01,62.38,-0.17180888491993512,normal
2026-04-08,9,SFX-PLM-PROG-01,91.88,1.721468268694951,normal
2026-04-09,9,SFX-PLM-PROG-01,69.71,0.2986223535884412,normal
2026-04-10,9,SFX-PLM-PROG-01,52.88,-0.7815083072704918,normal
2026-04-13,9,SFX-PLM-PROG-01,54.78,-0.6595684228003805,normal
2026-04-14,9,SFX-PLM-PROG-01,76.62,0.7420984597402678,normal
2026-04-15,9,SFX-PLM-PROG-01,90.03,1.6027373285530007,normal
2026-04-16,9,SFX-PLM-PROG-01,45.29,-1.2686260562853051,normal
2026-04-17,9,SFX-PLM-PROG-01,57.24,-0.5016883618548679,normal
2026-04-20,9,SFX-PLM-PROG-01,71.94,0.4417412706244142,normal
2026-04-21,9,SFX-PLM-PROG-01,67.24,0.14010050377729655,normal
2026-04-22,9,SFX-PLM-PROG-01,47.56,-1.1229399837868035,normal
2026-04-23,9,SFX-PLM-PROG-01,93.7,1.8382738422400053,normal
2026-04-24,9,SFX-PLM-PROG-01,68.03,0.19080182416223795,normal
2026-04-27,9,SFX-PLM-PROG-01,54.84,-0.6557176896065874,normal
2026-04-28,9,SFX-PLM-PROG-01,92.6,1.7676770670204667,normal
2026-04-29,9,SFX-PLM-PROG-01,48.49,-1.0632536192830122,normal
2026-04-30,9,SFX-PLM-PROG-01,71.0,0.3814131172549909,normal
2026-05-01,9,SFX-PLM-PROG-01,44.92,-1.2923722443136951,normal
2026-05-04,9,SFX-PLM-PROG-01,76.08,0.7074418609961305,normal
2026-05-05,9,SFX-PLM-PROG-01,67.72,0.1709063693276407,normal
2026-05-06,9,SFX-PLM-PROG-01,68.45,0.21775695651878899,normal
2026-05-07,9,SFX-PLM-PROG-01,77.84,0.8203967013473918,normal
2026-05-08,9,SFX-PLM-PROG-01,78.76,0.8794412769855512,normal
2026-05-11,9,SFX-PLM-PROG-01,62.01,-0.1955550729483255,normal
